run,seed,evaluations,ga_sigma_0_5_best,ga_sigma_0_2_best,random_search_best,ga_sigma_0_5_x1,ga_sigma_0_5_x2,ga_sigma_0_5_x3,ga_sigma_0_5_x4,ga_sigma_0_5_x5,ga_sigma_0_5_x6,ga_sigma_0_5_x7
1,42,5000,-245.1004105773546,-245.8377070091487,-209.3485121880263,-3.0068215301707117,-2.8753345447917993,-2.819342410594351,2.79719998038894,2.6172639249883165,-3.00761905049545,-2.901879953611941
2,43,5000,-231.06472633246833,-231.56251385629903,-233.36765451392412,-2.7392508907538407,2.6847261560701536,-2.9652361317709595,2.6736524151359142,2.708436056527303,-2.874576562726263,-2.8760707667734944
3,44,5000,-258.7999679091514,-259.9042923547282,-207.46509350053896,2.631931711646696,-2.910875238249241,-2.9461125445009646,-2.7658971098970246,-2.725911793460617,-2.8617462896463817,-2.8079370198101685
4,45,5000,-258.97062475756053,-245.81179794407524,-219.62745852015433,-2.7371568233371155,-2.936993259081339,-2.8955720133753946,-2.889665018195089,-2.8378352088694356,2.5882050758616306,-2.805725165172271
5,46,5000,-217.2033052359585,-217.5046075053159,-217.88667479922748,-2.897810039752068,-2.904400487598955,2.7481543507631256,-2.882486989518018,2.8065540330422882,2.6749341251302488,2.6052717460358785
6,47,5000,-245.71136572850094,-245.52617325002947,-232.59845038967808,-2.9479106036708544,-2.8593263444790273,-2.9236061288702038,-2.8605885211681734,2.7481623353181766,-2.8383726105974887,2.743051916234713
7,48,5000,-245.48791710313046,-245.801074479009,-216.73340145846254,-2.8725344689494006,-2.867773580620436,-2.9088332624369717,-2.9250716109075676,2.7513463024417426,-2.7569198164332214,2.7384372120253446
8,49,5000,-259.6454453223815,-260.0025069404526,-209.8886294162877,-2.922906751471517,-2.8211560243567257,-2.8865277287066577,-2.891936415905947,2.723071435741937,-2.7843823216812886,-2.8804803984551763
9,50,5000,-244.8929166390751,-245.7076222999423,-224.0781036557856,2.717363657441714,-2.793825463644472,-2.858110036429589,-2.966332219172889,2.719718914382966,-2.980823992571507,-2.7173809490255003
10,51,5000,-259.6118042420482,-259.9814209560193,-240.46462697347266,2.7073602632098734,-2.8514365685456484,-2.9319779617475694,-2.9119348001546506,-2.798415608979619,-2.8436311288157947,-2.8323439765886
11,52,5000,-245.6341472073068,-231.70086391672322,-232.8958938675753,-2.875626092239009,-2.918748901487134,-2.9150898632670588,2.68282115386914,-2.826291405261009,2.707769394874528,-2.846627945221318
12,53,5000,-230.87732876201466,-231.50477649664623,-219.5881490099941,-2.886583265291189,2.863233122556201,-2.8719113593687586,2.884049503660375,2.785514209789377,-3.016144353373683,-2.981014436574487
13,54,5000,-244.72949378763545,-245.61059847881575,-233.03863746356149,-2.8967430613314447,-2.704187637277916,2.7140796769549276,-2.806686698366587,-3.0038243403277116,-2.9056340665080027,2.638362012372723
14,55,5000,-259.6688205015372,-259.7849550797239,-237.38617648351467,-2.9250454645667343,2.64793044151592,-2.888067851587488,-2.851008235513535,-2.8109536971121525,-2.89492581072533,-2.9336666671403586
15,56,5000,-244.61020330177732,-245.6454044174521,-224.8042884873204,-2.7819344345087327,-3.102986533427863,-2.8152155466876114,-2.927196955574118,2.830388833836743,2.6966788207041272,-2.9349050142307194
16,57,5000,-245.08969838654002,-231.68075997030456,-222.09655659904615,-2.9500289199428966,2.653629319272878,2.8250588581983282,-2.7391712601252154,-2.9189867493451622,-2.9355689536798772,-2.972166745403407
17,58,5000,-259.72735841985343,-245.81944992180058,-227.90238637669273,-2.7921825208880486,2.73664304262911,-2.8868571241738135,-2.887687982345276,-2.928474116563178,-2.8425338515826954,-2.881757290328599
18,59,5000,-259.6738630438779,-259.921927033338,-232.60846724253014,2.7927214345159426,-2.9431713505669364,-2.8411209451897244,-2.9853880375254427,-2.8621961227357926,-2.903690548973973,-2.970585365978655
19,60,5000,-245.71104953639795,-245.77445261354987,-238.26316462857162,2.7095419150029283,2.703503605186402,-2.8795570690103895,-2.9255893045345527,-2.9258512722679386,-2.8337160450401493,-2.867396429605566
20,61,5000,-258.73578830758936,-259.6984580884998,-240.82813514740698,-2.923186575451397,-2.834489045527004,-2.8898260699965803,-2.8200507533287045,2.5012033158831644,-2.78091185143679,-2.9451784237208924
