method,seed,evaluations,best_coverage
penalty_bit,42,1,0
penalty_bit,42,200,25
penalty_bit,42,400,26
penalty_bit,42,600,26
penalty_bit,42,800,27
penalty_bit,42,1000,27
penalty_bit,42,1200,27
penalty_bit,42,1400,27
penalty_bit,42,1600,28
penalty_bit,42,1800,28
penalty_bit,42,2000,28
penalty_bit,42,2200,28
penalty_bit,42,2400,28
penalty_bit,42,2600,28
penalty_bit,42,2800,28
penalty_bit,42,3000,28
penalty_bit,42,3200,28
penalty_bit,42,3400,28
penalty_bit,42,3600,28
penalty_bit,42,3800,28
penalty_bit,42,4000,29
penalty_bit,42,4200,29
penalty_bit,42,4400,29
penalty_bit,42,4600,29
penalty_bit,42,4800,29
penalty_bit,42,5000,29
penalty_bit,42,5200,29
penalty_bit,42,5400,29
penalty_bit,42,5600,29
penalty_bit,42,5800,29
penalty_bit,42,6000,29
penalty_bit,42,6200,29
penalty_bit,42,6400,29
penalty_bit,42,6600,29
penalty_bit,42,6800,29
penalty_bit,42,7000,29
penalty_bit,42,7200,29
penalty_bit,42,7400,29
penalty_bit,42,7600,29
penalty_bit,42,7800,29
penalty_bit,42,8000,30
penalty_bit,43,1,0
penalty_bit,43,200,24
penalty_bit,43,400,25
penalty_bit,43,600,25
penalty_bit,43,800,26
penalty_bit,43,1000,26
penalty_bit,43,1200,27
penalty_bit,43,1400,28
penalty_bit,43,1600,28
penalty_bit,43,1800,28
penalty_bit,43,2000,28
penalty_bit,43,2200,28
penalty_bit,43,2400,28
penalty_bit,43,2600,28
penalty_bit,43,2800,28
penalty_bit,43,3000,28
penalty_bit,43,3200,28
penalty_bit,43,3400,28
penalty_bit,43,3600,28
penalty_bit,43,3800,28
penalty_bit,43,4000,28
penalty_bit,43,4200,28
penalty_bit,43,4400,28
penalty_bit,43,4600,29
penalty_bit,43,4800,29
penalty_bit,43,5000,29
penalty_bit,43,5200,29
penalty_bit,43,5400,29
penalty_bit,43,5600,29
penalty_bit,43,5800,29
penalty_bit,43,6000,29
penalty_bit,43,6200,29
penalty_bit,43,6400,29
penalty_bit,43,6600,29
penalty_bit,43,6800,29
penalty_bit,43,7000,29
penalty_bit,43,7200,30
penalty_bit,43,7400,30
penalty_bit,43,7600,30
penalty_bit,43,7800,30
penalty_bit,43,8000,30
penalty_bit,44,1,0
penalty_bit,44,200,24
penalty_bit,44,400,24
penalty_bit,44,600,25
penalty_bit,44,800,26
penalty_bit,44,1000,28
penalty_bit,44,1200,28
penalty_bit,44,1400,28
penalty_bit,44,1600,28
penalty_bit,44,1800,28
penalty_bit,44,2000,28
penalty_bit,44,2200,30
penalty_bit,44,2400,30
penalty_bit,44,2600,30
penalty_bit,44,2800,30
penalty_bit,44,3000,30
penalty_bit,44,3200,30
penalty_bit,44,3400,30
penalty_bit,44,3600,30
penalty_bit,44,3800,30
penalty_bit,44,4000,30
penalty_bit,44,4200,30
penalty_bit,44,4400,30
penalty_bit,44,4600,30
penalty_bit,44,4800,30
penalty_bit,44,5000,30
penalty_bit,44,5200,30
penalty_bit,44,5400,30
penalty_bit,44,5600,30
penalty_bit,44,5800,30
penalty_bit,44,6000,30
penalty_bit,44,6200,30
penalty_bit,44,6400,30
penalty_bit,44,6600,30
penalty_bit,44,6800,30
penalty_bit,44,7000,30
penalty_bit,44,7200,30
penalty_bit,44,7400,30
penalty_bit,44,7600,30
penalty_bit,44,7800,30
penalty_bit,44,8000,30
penalty_bit,45,1,0
penalty_bit,45,200,25
penalty_bit,45,400,25
penalty_bit,45,600,25
penalty_bit,45,800,28
penalty_bit,45,1000,29
penalty_bit,45,1200,29
penalty_bit,45,1400,29
penalty_bit,45,1600,29
penalty_bit,45,1800,29
penalty_bit,45,2000,29
penalty_bit,45,2200,29
penalty_bit,45,2400,29
penalty_bit,45,2600,30
penalty_bit,45,2800,30
penalty_bit,45,3000,30
penalty_bit,45,3200,30
penalty_bit,45,3400,30
penalty_bit,45,3600,30
penalty_bit,45,3800,30
penalty_bit,45,4000,30
penalty_bit,45,4200,30
penalty_bit,45,4400,30
penalty_bit,45,4600,30
penalty_bit,45,4800,30
penalty_bit,45,5000,30
penalty_bit,45,5200,30
penalty_bit,45,5400,30
penalty_bit,45,5600,30
penalty_bit,45,5800,30
penalty_bit,45,6000,30
penalty_bit,45,6200,30
penalty_bit,45,6400,30
penalty_bit,45,6600,30
penalty_bit,45,6800,30
penalty_bit,45,7000,30
penalty_bit,45,7200,30
penalty_bit,45,7400,30
penalty_bit,45,7600,30
penalty_bit,45,7800,30
penalty_bit,45,8000,30
penalty_bit,46,1,0
penalty_bit,46,200,25
penalty_bit,46,400,28
penalty_bit,46,600,28
penalty_bit,46,800,28
penalty_bit,46,1000,28
penalty_bit,46,1200,29
penalty_bit,46,1400,29
penalty_bit,46,1600,29
penalty_bit,46,1800,30
penalty_bit,46,2000,30
penalty_bit,46,2200,30
penalty_bit,46,2400,30
penalty_bit,46,2600,30
penalty_bit,46,2800,30
penalty_bit,46,3000,30
penalty_bit,46,3200,30
penalty_bit,46,3400,30
penalty_bit,46,3600,30
penalty_bit,46,3800,30
penalty_bit,46,4000,30
penalty_bit,46,4200,30
penalty_bit,46,4400,30
penalty_bit,46,4600,30
penalty_bit,46,4800,30
penalty_bit,46,5000,30
penalty_bit,46,5200,30
penalty_bit,46,5400,30
penalty_bit,46,5600,30
penalty_bit,46,5800,30
penalty_bit,46,6000,30
penalty_bit,46,6200,30
penalty_bit,46,6400,30
penalty_bit,46,6600,30
penalty_bit,46,6800,30
penalty_bit,46,7000,30
penalty_bit,46,7200,30
penalty_bit,46,7400,30
penalty_bit,46,7600,30
penalty_bit,46,7800,30
penalty_bit,46,8000,30
penalty_bit,47,1,0
penalty_bit,47,200,25
penalty_bit,47,400,26
penalty_bit,47,600,26
penalty_bit,47,800,26
penalty_bit,47,1000,26
penalty_bit,47,1200,27
penalty_bit,47,1400,27
penalty_bit,47,1600,27
penalty_bit,47,1800,28
penalty_bit,47,2000,28
penalty_bit,47,2200,29
penalty_bit,47,2400,29
penalty_bit,47,2600,29
penalty_bit,47,2800,29
penalty_bit,47,3000,29
penalty_bit,47,3200,29
penalty_bit,47,3400,29
penalty_bit,47,3600,29
penalty_bit,47,3800,29
penalty_bit,47,4000,29
penalty_bit,47,4200,29
penalty_bit,47,4400,29
penalty_bit,47,4600,29
penalty_bit,47,4800,29
penalty_bit,47,5000,29
penalty_bit,47,5200,29
penalty_bit,47,5400,30
penalty_bit,47,5600,30
penalty_bit,47,5800,30
penalty_bit,47,6000,30
penalty_bit,47,6200,30
penalty_bit,47,6400,30
penalty_bit,47,6600,30
penalty_bit,47,6800,30
penalty_bit,47,7000,30
penalty_bit,47,7200,30
penalty_bit,47,7400,30
penalty_bit,47,7600,30
penalty_bit,47,7800,30
penalty_bit,47,8000,30
penalty_bit,48,1,0
penalty_bit,48,200,26
penalty_bit,48,400,26
penalty_bit,48,600,26
penalty_bit,48,800,26
penalty_bit,48,1000,27
penalty_bit,48,1200,27
penalty_bit,48,1400,27
penalty_bit,48,1600,27
penalty_bit,48,1800,27
penalty_bit,48,2000,27
penalty_bit,48,2200,27
penalty_bit,48,2400,27
penalty_bit,48,2600,27
penalty_bit,48,2800,27
penalty_bit,48,3000,27
penalty_bit,48,3200,27
penalty_bit,48,3400,27
penalty_bit,48,3600,27
penalty_bit,48,3800,27
penalty_bit,48,4000,27
penalty_bit,48,4200,27
penalty_bit,48,4400,27
penalty_bit,48,4600,27
penalty_bit,48,4800,27
penalty_bit,48,5000,27
penalty_bit,48,5200,27
penalty_bit,48,5400,27
penalty_bit,48,5600,27
penalty_bit,48,5800,27
penalty_bit,48,6000,27
penalty_bit,48,6200,27
penalty_bit,48,6400,27
penalty_bit,48,6600,27
penalty_bit,48,6800,27
penalty_bit,48,7000,27
penalty_bit,48,7200,27
penalty_bit,48,7400,27
penalty_bit,48,7600,27
penalty_bit,48,7800,27
penalty_bit,48,8000,27
penalty_bit,49,1,0
penalty_bit,49,200,24
penalty_bit,49,400,24
penalty_bit,49,600,26
penalty_bit,49,800,26
penalty_bit,49,1000,26
penalty_bit,49,1200,28
penalty_bit,49,1400,28
penalty_bit,49,1600,28
penalty_bit,49,1800,28
penalty_bit,49,2000,28
penalty_bit,49,2200,28
penalty_bit,49,2400,30
penalty_bit,49,2600,30
penalty_bit,49,2800,30
penalty_bit,49,3000,30
penalty_bit,49,3200,30
penalty_bit,49,3400,30
penalty_bit,49,3600,30
penalty_bit,49,3800,30
penalty_bit,49,4000,30
penalty_bit,49,4200,30
penalty_bit,49,4400,30
penalty_bit,49,4600,30
penalty_bit,49,4800,30
penalty_bit,49,5000,30
penalty_bit,49,5200,30
penalty_bit,49,5400,30
penalty_bit,49,5600,30
penalty_bit,49,5800,30
penalty_bit,49,6000,30
penalty_bit,49,6200,30
penalty_bit,49,6400,30
penalty_bit,49,6600,30
penalty_bit,49,6800,30
penalty_bit,49,7000,30
penalty_bit,49,7200,30
penalty_bit,49,7400,30
penalty_bit,49,7600,30
penalty_bit,49,7800,30
penalty_bit,49,8000,30
penalty_bit,50,1,0
penalty_bit,50,200,25
penalty_bit,50,400,25
penalty_bit,50,600,25
penalty_bit,50,800,25
penalty_bit,50,1000,26
penalty_bit,50,1200,28
penalty_bit,50,1400,29
penalty_bit,50,1600,29
penalty_bit,50,1800,29
penalty_bit,50,2000,29
penalty_bit,50,2200,29
penalty_bit,50,2400,29
penalty_bit,50,2600,30
penalty_bit,50,2800,30
penalty_bit,50,3000,30
penalty_bit,50,3200,30
penalty_bit,50,3400,30
penalty_bit,50,3600,30
penalty_bit,50,3800,30
penalty_bit,50,4000,30
penalty_bit,50,4200,30
penalty_bit,50,4400,30
penalty_bit,50,4600,30
penalty_bit,50,4800,30
penalty_bit,50,5000,30
penalty_bit,50,5200,30
penalty_bit,50,5400,30
penalty_bit,50,5600,30
penalty_bit,50,5800,30
penalty_bit,50,6000,30
penalty_bit,50,6200,30
penalty_bit,50,6400,30
penalty_bit,50,6600,30
penalty_bit,50,6800,30
penalty_bit,50,7000,30
penalty_bit,50,7200,30
penalty_bit,50,7400,30
penalty_bit,50,7600,30
penalty_bit,50,7800,30
penalty_bit,50,8000,30
penalty_bit,51,1,0
penalty_bit,51,200,25
penalty_bit,51,400,25
penalty_bit,51,600,26
penalty_bit,51,800,26
penalty_bit,51,1000,28
penalty_bit,51,1200,28
penalty_bit,51,1400,28
penalty_bit,51,1600,28
penalty_bit,51,1800,28
penalty_bit,51,2000,28
penalty_bit,51,2200,28
penalty_bit,51,2400,28
penalty_bit,51,2600,28
penalty_bit,51,2800,30
penalty_bit,51,3000,30
penalty_bit,51,3200,30
penalty_bit,51,3400,30
penalty_bit,51,3600,30
penalty_bit,51,3800,30
penalty_bit,51,4000,30
penalty_bit,51,4200,30
penalty_bit,51,4400,30
penalty_bit,51,4600,30
penalty_bit,51,4800,30
penalty_bit,51,5000,30
penalty_bit,51,5200,30
penalty_bit,51,5400,30
penalty_bit,51,5600,30
penalty_bit,51,5800,30
penalty_bit,51,6000,30
penalty_bit,51,6200,30
penalty_bit,51,6400,30
penalty_bit,51,6600,30
penalty_bit,51,6800,30
penalty_bit,51,7000,30
penalty_bit,51,7200,30
penalty_bit,51,7400,30
penalty_bit,51,7600,30
penalty_bit,51,7800,30
penalty_bit,51,8000,30
penalty_bit,52,1,0
penalty_bit,52,200,24
penalty_bit,52,400,24
penalty_bit,52,600,26
penalty_bit,52,800,26
penalty_bit,52,1000,27
penalty_bit,52,1200,27
penalty_bit,52,1400,28
penalty_bit,52,1600,29
penalty_bit,52,1800,29
penalty_bit,52,2000,29
penalty_bit,52,2200,29
penalty_bit,52,2400,29
penalty_bit,52,2600,29
penalty_bit,52,2800,29
penalty_bit,52,3000,29
penalty_bit,52,3200,29
penalty_bit,52,3400,29
penalty_bit,52,3600,29
penalty_bit,52,3800,29
penalty_bit,52,4000,30
penalty_bit,52,4200,30
penalty_bit,52,4400,30
penalty_bit,52,4600,30
penalty_bit,52,4800,30
penalty_bit,52,5000,30
penalty_bit,52,5200,30
penalty_bit,52,5400,30
penalty_bit,52,5600,30
penalty_bit,52,5800,30
penalty_bit,52,6000,30
penalty_bit,52,6200,30
penalty_bit,52,6400,30
penalty_bit,52,6600,30
penalty_bit,52,6800,30
penalty_bit,52,7000,30
penalty_bit,52,7200,30
penalty_bit,52,7400,30
penalty_bit,52,7600,30
penalty_bit,52,7800,30
penalty_bit,52,8000,30
penalty_bit,53,1,0
penalty_bit,53,200,24
penalty_bit,53,400,24
penalty_bit,53,600,24
penalty_bit,53,800,27
penalty_bit,53,1000,27
penalty_bit,53,1200,27
penalty_bit,53,1400,27
penalty_bit,53,1600,27
penalty_bit,53,1800,28
penalty_bit,53,2000,28
penalty_bit,53,2200,29
penalty_bit,53,2400,29
penalty_bit,53,2600,29
penalty_bit,53,2800,29
penalty_bit,53,3000,29
penalty_bit,53,3200,29
penalty_bit,53,3400,29
penalty_bit,53,3600,29
penalty_bit,53,3800,29
penalty_bit,53,4000,29
penalty_bit,53,4200,30
penalty_bit,53,4400,30
penalty_bit,53,4600,30
penalty_bit,53,4800,30
penalty_bit,53,5000,30
penalty_bit,53,5200,30
penalty_bit,53,5400,30
penalty_bit,53,5600,30
penalty_bit,53,5800,30
penalty_bit,53,6000,30
penalty_bit,53,6200,30
penalty_bit,53,6400,30
penalty_bit,53,6600,30
penalty_bit,53,6800,30
penalty_bit,53,7000,30
penalty_bit,53,7200,30
penalty_bit,53,7400,30
penalty_bit,53,7600,30
penalty_bit,53,7800,30
penalty_bit,53,8000,30
penalty_bit,54,1,0
penalty_bit,54,200,24
penalty_bit,54,400,25
penalty_bit,54,600,25
penalty_bit,54,800,26
penalty_bit,54,1000,28
penalty_bit,54,1200,28
penalty_bit,54,1400,29
penalty_bit,54,1600,29
penalty_bit,54,1800,29
penalty_bit,54,2000,30
penalty_bit,54,2200,30
penalty_bit,54,2400,30
penalty_bit,54,2600,30
penalty_bit,54,2800,30
penalty_bit,54,3000,30
penalty_bit,54,3200,30
penalty_bit,54,3400,30
penalty_bit,54,3600,30
penalty_bit,54,3800,30
penalty_bit,54,4000,30
penalty_bit,54,4200,30
penalty_bit,54,4400,30
penalty_bit,54,4600,30
penalty_bit,54,4800,30
penalty_bit,54,5000,30
penalty_bit,54,5200,30
penalty_bit,54,5400,30
penalty_bit,54,5600,30
penalty_bit,54,5800,30
penalty_bit,54,6000,30
penalty_bit,54,6200,30
penalty_bit,54,6400,30
penalty_bit,54,6600,30
penalty_bit,54,6800,30
penalty_bit,54,7000,30
penalty_bit,54,7200,30
penalty_bit,54,7400,30
penalty_bit,54,7600,30
penalty_bit,54,7800,30
penalty_bit,54,8000,30
penalty_bit,55,1,0
penalty_bit,55,200,24
penalty_bit,55,400,25
penalty_bit,55,600,26
penalty_bit,55,800,26
penalty_bit,55,1000,26
penalty_bit,55,1200,27
penalty_bit,55,1400,28
penalty_bit,55,1600,28
penalty_bit,55,1800,28
penalty_bit,55,2000,28
penalty_bit,55,2200,28
penalty_bit,55,2400,28
penalty_bit,55,2600,28
penalty_bit,55,2800,28
penalty_bit,55,3000,28
penalty_bit,55,3200,28
penalty_bit,55,3400,28
penalty_bit,55,3600,28
penalty_bit,55,3800,28
penalty_bit,55,4000,28
penalty_bit,55,4200,28
penalty_bit,55,4400,28
penalty_bit,55,4600,28
penalty_bit,55,4800,28
penalty_bit,55,5000,28
penalty_bit,55,5200,28
penalty_bit,55,5400,28
penalty_bit,55,5600,28
penalty_bit,55,5800,28
penalty_bit,55,6000,28
penalty_bit,55,6200,28
penalty_bit,55,6400,28
penalty_bit,55,6600,28
penalty_bit,55,6800,28
penalty_bit,55,7000,28
penalty_bit,55,7200,28
penalty_bit,55,7400,28
penalty_bit,55,7600,28
penalty_bit,55,7800,28
penalty_bit,55,8000,28
penalty_bit,56,1,0
penalty_bit,56,200,24
penalty_bit,56,400,25
penalty_bit,56,600,27
penalty_bit,56,800,27
penalty_bit,56,1000,28
penalty_bit,56,1200,28
penalty_bit,56,1400,28
penalty_bit,56,1600,28
penalty_bit,56,1800,29
penalty_bit,56,2000,29
penalty_bit,56,2200,29
penalty_bit,56,2400,29
penalty_bit,56,2600,29
penalty_bit,56,2800,29
penalty_bit,56,3000,29
penalty_bit,56,3200,29
penalty_bit,56,3400,29
penalty_bit,56,3600,29
penalty_bit,56,3800,29
penalty_bit,56,4000,29
penalty_bit,56,4200,29
penalty_bit,56,4400,30
penalty_bit,56,4600,30
penalty_bit,56,4800,30
penalty_bit,56,5000,30
penalty_bit,56,5200,30
penalty_bit,56,5400,30
penalty_bit,56,5600,30
penalty_bit,56,5800,30
penalty_bit,56,6000,30
penalty_bit,56,6200,30
penalty_bit,56,6400,30
penalty_bit,56,6600,30
penalty_bit,56,6800,30
penalty_bit,56,7000,30
penalty_bit,56,7200,30
penalty_bit,56,7400,30
penalty_bit,56,7600,30
penalty_bit,56,7800,30
penalty_bit,56,8000,30
penalty_bit,57,1,0
penalty_bit,57,200,24
penalty_bit,57,400,25
penalty_bit,57,600,27
penalty_bit,57,800,27
penalty_bit,57,1000,28
penalty_bit,57,1200,29
penalty_bit,57,1400,30
penalty_bit,57,1600,30
penalty_bit,57,1800,30
penalty_bit,57,2000,30
penalty_bit,57,2200,30
penalty_bit,57,2400,30
penalty_bit,57,2600,30
penalty_bit,57,2800,30
penalty_bit,57,3000,30
penalty_bit,57,3200,30
penalty_bit,57,3400,30
penalty_bit,57,3600,30
penalty_bit,57,3800,30
penalty_bit,57,4000,30
penalty_bit,57,4200,30
penalty_bit,57,4400,30
penalty_bit,57,4600,30
penalty_bit,57,4800,30
penalty_bit,57,5000,30
penalty_bit,57,5200,30
penalty_bit,57,5400,30
penalty_bit,57,5600,30
penalty_bit,57,5800,30
penalty_bit,57,6000,30
penalty_bit,57,6200,30
penalty_bit,57,6400,30
penalty_bit,57,6600,30
penalty_bit,57,6800,30
penalty_bit,57,7000,30
penalty_bit,57,7200,30
penalty_bit,57,7400,30
penalty_bit,57,7600,30
penalty_bit,57,7800,30
penalty_bit,57,8000,30
penalty_bit,58,1,0
penalty_bit,58,200,24
penalty_bit,58,400,26
penalty_bit,58,600,28
penalty_bit,58,800,28
penalty_bit,58,1000,28
penalty_bit,58,1200,28
penalty_bit,58,1400,28
penalty_bit,58,1600,28
penalty_bit,58,1800,28
penalty_bit,58,2000,28
penalty_bit,58,2200,28
penalty_bit,58,2400,28
penalty_bit,58,2600,28
penalty_bit,58,2800,28
penalty_bit,58,3000,28
penalty_bit,58,3200,28
penalty_bit,58,3400,28
penalty_bit,58,3600,28
penalty_bit,58,3800,28
penalty_bit,58,4000,28
penalty_bit,58,4200,28
penalty_bit,58,4400,28
penalty_bit,58,4600,28
penalty_bit,58,4800,28
penalty_bit,58,5000,28
penalty_bit,58,5200,28
penalty_bit,58,5400,28
penalty_bit,58,5600,28
penalty_bit,58,5800,28
penalty_bit,58,6000,28
penalty_bit,58,6200,28
penalty_bit,58,6400,28
penalty_bit,58,6600,28
penalty_bit,58,6800,28
penalty_bit,58,7000,28
penalty_bit,58,7200,28
penalty_bit,58,7400,28
penalty_bit,58,7600,28
penalty_bit,58,7800,28
penalty_bit,58,8000,28
penalty_bit,59,1,0
penalty_bit,59,200,24
penalty_bit,59,400,26
penalty_bit,59,600,26
penalty_bit,59,800,26
penalty_bit,59,1000,26
penalty_bit,59,1200,27
penalty_bit,59,1400,27
penalty_bit,59,1600,27
penalty_bit,59,1800,27
penalty_bit,59,2000,28
penalty_bit,59,2200,28
penalty_bit,59,2400,28
penalty_bit,59,2600,28
penalty_bit,59,2800,28
penalty_bit,59,3000,28
penalty_bit,59,3200,30
penalty_bit,59,3400,30
penalty_bit,59,3600,30
penalty_bit,59,3800,30
penalty_bit,59,4000,30
penalty_bit,59,4200,30
penalty_bit,59,4400,30
penalty_bit,59,4600,30
penalty_bit,59,4800,30
penalty_bit,59,5000,30
penalty_bit,59,5200,30
penalty_bit,59,5400,30
penalty_bit,59,5600,30
penalty_bit,59,5800,30
penalty_bit,59,6000,30
penalty_bit,59,6200,30
penalty_bit,59,6400,30
penalty_bit,59,6600,30
penalty_bit,59,6800,30
penalty_bit,59,7000,30
penalty_bit,59,7200,30
penalty_bit,59,7400,30
penalty_bit,59,7600,30
penalty_bit,59,7800,30
penalty_bit,59,8000,30
penalty_bit,60,1,0
penalty_bit,60,200,23
penalty_bit,60,400,27
penalty_bit,60,600,27
penalty_bit,60,800,28
penalty_bit,60,1000,28
penalty_bit,60,1200,28
penalty_bit,60,1400,28
penalty_bit,60,1600,28
penalty_bit,60,1800,29
penalty_bit,60,2000,29
penalty_bit,60,2200,29
penalty_bit,60,2400,29
penalty_bit,60,2600,29
penalty_bit,60,2800,29
penalty_bit,60,3000,29
penalty_bit,60,3200,29
penalty_bit,60,3400,29
penalty_bit,60,3600,29
penalty_bit,60,3800,29
penalty_bit,60,4000,29
penalty_bit,60,4200,30
penalty_bit,60,4400,30
penalty_bit,60,4600,30
penalty_bit,60,4800,30
penalty_bit,60,5000,30
penalty_bit,60,5200,30
penalty_bit,60,5400,30
penalty_bit,60,5600,30
penalty_bit,60,5800,30
penalty_bit,60,6000,30
penalty_bit,60,6200,30
penalty_bit,60,6400,30
penalty_bit,60,6600,30
penalty_bit,60,6800,30
penalty_bit,60,7000,30
penalty_bit,60,7200,30
penalty_bit,60,7400,30
penalty_bit,60,7600,30
penalty_bit,60,7800,30
penalty_bit,60,8000,30
penalty_bit,61,1,0
penalty_bit,61,200,26
penalty_bit,61,400,26
penalty_bit,61,600,26
penalty_bit,61,800,26
penalty_bit,61,1000,27
penalty_bit,61,1200,27
penalty_bit,61,1400,27
penalty_bit,61,1600,27
penalty_bit,61,1800,27
penalty_bit,61,2000,28
penalty_bit,61,2200,28
penalty_bit,61,2400,28
penalty_bit,61,2600,28
penalty_bit,61,2800,28
penalty_bit,61,3000,28
penalty_bit,61,3200,28
penalty_bit,61,3400,28
penalty_bit,61,3600,28
penalty_bit,61,3800,28
penalty_bit,61,4000,28
penalty_bit,61,4200,28
penalty_bit,61,4400,28
penalty_bit,61,4600,29
penalty_bit,61,4800,29
penalty_bit,61,5000,29
penalty_bit,61,5200,29
penalty_bit,61,5400,29
penalty_bit,61,5600,29
penalty_bit,61,5800,29
penalty_bit,61,6000,29
penalty_bit,61,6200,30
penalty_bit,61,6400,30
penalty_bit,61,6600,30
penalty_bit,61,6800,30
penalty_bit,61,7000,30
penalty_bit,61,7200,30
penalty_bit,61,7400,30
penalty_bit,61,7600,30
penalty_bit,61,7800,30
penalty_bit,61,8000,30
repair_bit,42,1,0
repair_bit,42,200,26
repair_bit,42,400,28
repair_bit,42,600,30
repair_bit,42,800,30
repair_bit,42,1000,30
repair_bit,42,1200,30
repair_bit,42,1400,30
repair_bit,42,1600,30
repair_bit,42,1800,30
repair_bit,42,2000,30
repair_bit,42,2200,30
repair_bit,42,2400,30
repair_bit,42,2600,30
repair_bit,42,2800,30
repair_bit,42,3000,30
repair_bit,42,3200,30
repair_bit,42,3400,30
repair_bit,42,3600,30
repair_bit,42,3800,30
repair_bit,42,4000,30
repair_bit,42,4200,30
repair_bit,42,4400,30
repair_bit,42,4600,30
repair_bit,42,4800,30
repair_bit,42,5000,30
repair_bit,42,5200,30
repair_bit,42,5400,30
repair_bit,42,5600,30
repair_bit,42,5800,30
repair_bit,42,6000,30
repair_bit,42,6200,30
repair_bit,42,6400,30
repair_bit,42,6600,30
repair_bit,42,6800,30
repair_bit,42,7000,30
repair_bit,42,7200,30
repair_bit,42,7400,30
repair_bit,42,7600,30
repair_bit,42,7800,30
repair_bit,42,8000,30
repair_bit,43,1,0
repair_bit,43,200,26
repair_bit,43,400,28
repair_bit,43,600,28
repair_bit,43,800,29
repair_bit,43,1000,29
repair_bit,43,1200,29
repair_bit,43,1400,30
repair_bit,43,1600,30
repair_bit,43,1800,30
repair_bit,43,2000,30
repair_bit,43,2200,30
repair_bit,43,2400,30
repair_bit,43,2600,30
repair_bit,43,2800,30
repair_bit,43,3000,30
repair_bit,43,3200,30
repair_bit,43,3400,30
repair_bit,43,3600,30
repair_bit,43,3800,30
repair_bit,43,4000,30
repair_bit,43,4200,30
repair_bit,43,4400,30
repair_bit,43,4600,30
repair_bit,43,4800,30
repair_bit,43,5000,30
repair_bit,43,5200,30
repair_bit,43,5400,30
repair_bit,43,5600,30
repair_bit,43,5800,30
repair_bit,43,6000,30
repair_bit,43,6200,30
repair_bit,43,6400,30
repair_bit,43,6600,30
repair_bit,43,6800,30
repair_bit,43,7000,30
repair_bit,43,7200,30
repair_bit,43,7400,30
repair_bit,43,7600,30
repair_bit,43,7800,30
repair_bit,43,8000,30
repair_bit,44,1,0
repair_bit,44,200,27
repair_bit,44,400,28
repair_bit,44,600,28
repair_bit,44,800,28
repair_bit,44,1000,29
repair_bit,44,1200,29
repair_bit,44,1400,29
repair_bit,44,1600,30
repair_bit,44,1800,30
repair_bit,44,2000,30
repair_bit,44,2200,30
repair_bit,44,2400,30
repair_bit,44,2600,30
repair_bit,44,2800,30
repair_bit,44,3000,30
repair_bit,44,3200,30
repair_bit,44,3400,30
repair_bit,44,3600,30
repair_bit,44,3800,30
repair_bit,44,4000,30
repair_bit,44,4200,30
repair_bit,44,4400,30
repair_bit,44,4600,30
repair_bit,44,4800,30
repair_bit,44,5000,30
repair_bit,44,5200,30
repair_bit,44,5400,30
repair_bit,44,5600,30
repair_bit,44,5800,30
repair_bit,44,6000,30
repair_bit,44,6200,30
repair_bit,44,6400,30
repair_bit,44,6600,30
repair_bit,44,6800,30
repair_bit,44,7000,30
repair_bit,44,7200,30
repair_bit,44,7400,30
repair_bit,44,7600,30
repair_bit,44,7800,30
repair_bit,44,8000,30
repair_bit,45,1,0
repair_bit,45,200,26
repair_bit,45,400,28
repair_bit,45,600,28
repair_bit,45,800,28
repair_bit,45,1000,30
repair_bit,45,1200,30
repair_bit,45,1400,30
repair_bit,45,1600,30
repair_bit,45,1800,30
repair_bit,45,2000,30
repair_bit,45,2200,30
repair_bit,45,2400,30
repair_bit,45,2600,30
repair_bit,45,2800,30
repair_bit,45,3000,30
repair_bit,45,3200,30
repair_bit,45,3400,30
repair_bit,45,3600,30
repair_bit,45,3800,30
repair_bit,45,4000,30
repair_bit,45,4200,30
repair_bit,45,4400,30
repair_bit,45,4600,30
repair_bit,45,4800,30
repair_bit,45,5000,30
repair_bit,45,5200,30
repair_bit,45,5400,30
repair_bit,45,5600,30
repair_bit,45,5800,30
repair_bit,45,6000,30
repair_bit,45,6200,30
repair_bit,45,6400,30
repair_bit,45,6600,30
repair_bit,45,6800,30
repair_bit,45,7000,30
repair_bit,45,7200,30
repair_bit,45,7400,30
repair_bit,45,7600,30
repair_bit,45,7800,30
repair_bit,45,8000,30
repair_bit,46,1,0
repair_bit,46,200,25
repair_bit,46,400,26
repair_bit,46,600,27
repair_bit,46,800,28
repair_bit,46,1000,28
repair_bit,46,1200,28
repair_bit,46,1400,28
repair_bit,46,1600,29
repair_bit,46,1800,29
repair_bit,46,2000,29
repair_bit,46,2200,30
repair_bit,46,2400,30
repair_bit,46,2600,30
repair_bit,46,2800,30
repair_bit,46,3000,30
repair_bit,46,3200,30
repair_bit,46,3400,30
repair_bit,46,3600,30
repair_bit,46,3800,30
repair_bit,46,4000,30
repair_bit,46,4200,30
repair_bit,46,4400,30
repair_bit,46,4600,30
repair_bit,46,4800,30
repair_bit,46,5000,30
repair_bit,46,5200,30
repair_bit,46,5400,30
repair_bit,46,5600,30
repair_bit,46,5800,30
repair_bit,46,6000,30
repair_bit,46,6200,30
repair_bit,46,6400,30
repair_bit,46,6600,30
repair_bit,46,6800,30
repair_bit,46,7000,30
repair_bit,46,7200,30
repair_bit,46,7400,30
repair_bit,46,7600,30
repair_bit,46,7800,30
repair_bit,46,8000,30
repair_bit,47,1,0
repair_bit,47,200,25
repair_bit,47,400,28
repair_bit,47,600,28
repair_bit,47,800,29
repair_bit,47,1000,29
repair_bit,47,1200,30
repair_bit,47,1400,30
repair_bit,47,1600,30
repair_bit,47,1800,30
repair_bit,47,2000,30
repair_bit,47,2200,30
repair_bit,47,2400,30
repair_bit,47,2600,30
repair_bit,47,2800,30
repair_bit,47,3000,30
repair_bit,47,3200,30
repair_bit,47,3400,30
repair_bit,47,3600,30
repair_bit,47,3800,30
repair_bit,47,4000,30
repair_bit,47,4200,30
repair_bit,47,4400,30
repair_bit,47,4600,30
repair_bit,47,4800,30
repair_bit,47,5000,30
repair_bit,47,5200,30
repair_bit,47,5400,30
repair_bit,47,5600,30
repair_bit,47,5800,30
repair_bit,47,6000,30
repair_bit,47,6200,30
repair_bit,47,6400,30
repair_bit,47,6600,30
repair_bit,47,6800,30
repair_bit,47,7000,30
repair_bit,47,7200,30
repair_bit,47,7400,30
repair_bit,47,7600,30
repair_bit,47,7800,30
repair_bit,47,8000,30
repair_bit,48,1,0
repair_bit,48,200,24
repair_bit,48,400,27
repair_bit,48,600,28
repair_bit,48,800,28
repair_bit,48,1000,28
repair_bit,48,1200,28
repair_bit,48,1400,28
repair_bit,48,1600,28
repair_bit,48,1800,28
repair_bit,48,2000,28
repair_bit,48,2200,28
repair_bit,48,2400,28
repair_bit,48,2600,28
repair_bit,48,2800,29
repair_bit,48,3000,29
repair_bit,48,3200,29
repair_bit,48,3400,30
repair_bit,48,3600,30
repair_bit,48,3800,30
repair_bit,48,4000,30
repair_bit,48,4200,30
repair_bit,48,4400,30
repair_bit,48,4600,30
repair_bit,48,4800,30
repair_bit,48,5000,30
repair_bit,48,5200,30
repair_bit,48,5400,30
repair_bit,48,5600,30
repair_bit,48,5800,30
repair_bit,48,6000,30
repair_bit,48,6200,30
repair_bit,48,6400,30
repair_bit,48,6600,30
repair_bit,48,6800,30
repair_bit,48,7000,30
repair_bit,48,7200,30
repair_bit,48,7400,30
repair_bit,48,7600,30
repair_bit,48,7800,30
repair_bit,48,8000,30
repair_bit,49,1,0
repair_bit,49,200,27
repair_bit,49,400,27
repair_bit,49,600,27
repair_bit,49,800,27
repair_bit,49,1000,27
repair_bit,49,1200,27
repair_bit,49,1400,27
repair_bit,49,1600,27
repair_bit,49,1800,27
repair_bit,49,2000,27
repair_bit,49,2200,27
repair_bit,49,2400,27
repair_bit,49,2600,27
repair_bit,49,2800,28
repair_bit,49,3000,28
repair_bit,49,3200,28
repair_bit,49,3400,28
repair_bit,49,3600,28
repair_bit,49,3800,29
repair_bit,49,4000,30
repair_bit,49,4200,30
repair_bit,49,4400,30
repair_bit,49,4600,30
repair_bit,49,4800,30
repair_bit,49,5000,30
repair_bit,49,5200,30
repair_bit,49,5400,30
repair_bit,49,5600,30
repair_bit,49,5800,30
repair_bit,49,6000,30
repair_bit,49,6200,30
repair_bit,49,6400,30
repair_bit,49,6600,30
repair_bit,49,6800,30
repair_bit,49,7000,30
repair_bit,49,7200,30
repair_bit,49,7400,30
repair_bit,49,7600,30
repair_bit,49,7800,30
repair_bit,49,8000,30
repair_bit,50,1,0
repair_bit,50,200,27
repair_bit,50,400,27
repair_bit,50,600,27
repair_bit,50,800,27
repair_bit,50,1000,28
repair_bit,50,1200,28
repair_bit,50,1400,30
repair_bit,50,1600,30
repair_bit,50,1800,30
repair_bit,50,2000,30
repair_bit,50,2200,30
repair_bit,50,2400,30
repair_bit,50,2600,30
repair_bit,50,2800,30
repair_bit,50,3000,30
repair_bit,50,3200,30
repair_bit,50,3400,30
repair_bit,50,3600,30
repair_bit,50,3800,30
repair_bit,50,4000,30
repair_bit,50,4200,30
repair_bit,50,4400,30
repair_bit,50,4600,30
repair_bit,50,4800,30
repair_bit,50,5000,30
repair_bit,50,5200,30
repair_bit,50,5400,30
repair_bit,50,5600,30
repair_bit,50,5800,30
repair_bit,50,6000,30
repair_bit,50,6200,30
repair_bit,50,6400,30
repair_bit,50,6600,30
repair_bit,50,6800,30
repair_bit,50,7000,30
repair_bit,50,7200,30
repair_bit,50,7400,30
repair_bit,50,7600,30
repair_bit,50,7800,30
repair_bit,50,8000,30
repair_bit,51,1,0
repair_bit,51,200,27
repair_bit,51,400,27
repair_bit,51,600,27
repair_bit,51,800,28
repair_bit,51,1000,28
repair_bit,51,1200,29
repair_bit,51,1400,30
repair_bit,51,1600,30
repair_bit,51,1800,30
repair_bit,51,2000,30
repair_bit,51,2200,30
repair_bit,51,2400,30
repair_bit,51,2600,30
repair_bit,51,2800,30
repair_bit,51,3000,30
repair_bit,51,3200,30
repair_bit,51,3400,30
repair_bit,51,3600,30
repair_bit,51,3800,30
repair_bit,51,4000,30
repair_bit,51,4200,30
repair_bit,51,4400,30
repair_bit,51,4600,30
repair_bit,51,4800,30
repair_bit,51,5000,30
repair_bit,51,5200,30
repair_bit,51,5400,30
repair_bit,51,5600,30
repair_bit,51,5800,30
repair_bit,51,6000,30
repair_bit,51,6200,30
repair_bit,51,6400,30
repair_bit,51,6600,30
repair_bit,51,6800,30
repair_bit,51,7000,30
repair_bit,51,7200,30
repair_bit,51,7400,30
repair_bit,51,7600,30
repair_bit,51,7800,30
repair_bit,51,8000,30
repair_bit,52,1,0
repair_bit,52,200,25
repair_bit,52,400,28
repair_bit,52,600,28
repair_bit,52,800,28
repair_bit,52,1000,28
repair_bit,52,1200,28
repair_bit,52,1400,28
repair_bit,52,1600,28
repair_bit,52,1800,28
repair_bit,52,2000,28
repair_bit,52,2200,29
repair_bit,52,2400,30
repair_bit,52,2600,30
repair_bit,52,2800,30
repair_bit,52,3000,30
repair_bit,52,3200,30
repair_bit,52,3400,30
repair_bit,52,3600,30
repair_bit,52,3800,30
repair_bit,52,4000,30
repair_bit,52,4200,30
repair_bit,52,4400,30
repair_bit,52,4600,30
repair_bit,52,4800,30
repair_bit,52,5000,30
repair_bit,52,5200,30
repair_bit,52,5400,30
repair_bit,52,5600,30
repair_bit,52,5800,30
repair_bit,52,6000,30
repair_bit,52,6200,30
repair_bit,52,6400,30
repair_bit,52,6600,30
repair_bit,52,6800,30
repair_bit,52,7000,30
repair_bit,52,7200,30
repair_bit,52,7400,30
repair_bit,52,7600,30
repair_bit,52,7800,30
repair_bit,52,8000,30
repair_bit,53,1,0
repair_bit,53,200,27
repair_bit,53,400,28
repair_bit,53,600,29
repair_bit,53,800,29
repair_bit,53,1000,29
repair_bit,53,1200,30
repair_bit,53,1400,30
repair_bit,53,1600,30
repair_bit,53,1800,30
repair_bit,53,2000,30
repair_bit,53,2200,30
repair_bit,53,2400,30
repair_bit,53,2600,30
repair_bit,53,2800,30
repair_bit,53,3000,30
repair_bit,53,3200,30
repair_bit,53,3400,30
repair_bit,53,3600,30
repair_bit,53,3800,30
repair_bit,53,4000,30
repair_bit,53,4200,30
repair_bit,53,4400,30
repair_bit,53,4600,30
repair_bit,53,4800,30
repair_bit,53,5000,30
repair_bit,53,5200,30
repair_bit,53,5400,30
repair_bit,53,5600,30
repair_bit,53,5800,30
repair_bit,53,6000,30
repair_bit,53,6200,30
repair_bit,53,6400,30
repair_bit,53,6600,30
repair_bit,53,6800,30
repair_bit,53,7000,30
repair_bit,53,7200,30
repair_bit,53,7400,30
repair_bit,53,7600,30
repair_bit,53,7800,30
repair_bit,53,8000,30
repair_bit,54,1,0
repair_bit,54,200,25
repair_bit,54,400,27
repair_bit,54,600,29
repair_bit,54,800,29
repair_bit,54,1000,29
repair_bit,54,1200,30
repair_bit,54,1400,30
repair_bit,54,1600,30
repair_bit,54,1800,30
repair_bit,54,2000,30
repair_bit,54,2200,30
repair_bit,54,2400,30
repair_bit,54,2600,30
repair_bit,54,2800,30
repair_bit,54,3000,30
repair_bit,54,3200,30
repair_bit,54,3400,30
repair_bit,54,3600,30
repair_bit,54,3800,30
repair_bit,54,4000,30
repair_bit,54,4200,30
repair_bit,54,4400,30
repair_bit,54,4600,30
repair_bit,54,4800,30
repair_bit,54,5000,30
repair_bit,54,5200,30
repair_bit,54,5400,30
repair_bit,54,5600,30
repair_bit,54,5800,30
repair_bit,54,6000,30
repair_bit,54,6200,30
repair_bit,54,6400,30
repair_bit,54,6600,30
repair_bit,54,6800,30
repair_bit,54,7000,30
repair_bit,54,7200,30
repair_bit,54,7400,30
repair_bit,54,7600,30
repair_bit,54,7800,30
repair_bit,54,8000,30
repair_bit,55,1,0
repair_bit,55,200,26
repair_bit,55,400,27
repair_bit,55,600,28
repair_bit,55,800,29
repair_bit,55,1000,29
repair_bit,55,1200,29
repair_bit,55,1400,29
repair_bit,55,1600,30
repair_bit,55,1800,30
repair_bit,55,2000,30
repair_bit,55,2200,30
repair_bit,55,2400,30
repair_bit,55,2600,30
repair_bit,55,2800,30
repair_bit,55,3000,30
repair_bit,55,3200,30
repair_bit,55,3400,30
repair_bit,55,3600,30
repair_bit,55,3800,30
repair_bit,55,4000,30
repair_bit,55,4200,30
repair_bit,55,4400,30
repair_bit,55,4600,30
repair_bit,55,4800,30
repair_bit,55,5000,30
repair_bit,55,5200,30
repair_bit,55,5400,30
repair_bit,55,5600,30
repair_bit,55,5800,30
repair_bit,55,6000,30
repair_bit,55,6200,30
repair_bit,55,6400,30
repair_bit,55,6600,30
repair_bit,55,6800,30
repair_bit,55,7000,30
repair_bit,55,7200,30
repair_bit,55,7400,30
repair_bit,55,7600,30
repair_bit,55,7800,30
repair_bit,55,8000,30
repair_bit,56,1,0
repair_bit,56,200,25
repair_bit,56,400,27
repair_bit,56,600,29
repair_bit,56,800,30
repair_bit,56,1000,30
repair_bit,56,1200,30
repair_bit,56,1400,30
repair_bit,56,1600,30
repair_bit,56,1800,30
repair_bit,56,2000,30
repair_bit,56,2200,30
repair_bit,56,2400,30
repair_bit,56,2600,30
repair_bit,56,2800,30
repair_bit,56,3000,30
repair_bit,56,3200,30
repair_bit,56,3400,30
repair_bit,56,3600,30
repair_bit,56,3800,30
repair_bit,56,4000,30
repair_bit,56,4200,30
repair_bit,56,4400,30
repair_bit,56,4600,30
repair_bit,56,4800,30
repair_bit,56,5000,30
repair_bit,56,5200,30
repair_bit,56,5400,30
repair_bit,56,5600,30
repair_bit,56,5800,30
repair_bit,56,6000,30
repair_bit,56,6200,30
repair_bit,56,6400,30
repair_bit,56,6600,30
repair_bit,56,6800,30
repair_bit,56,7000,30
repair_bit,56,7200,30
repair_bit,56,7400,30
repair_bit,56,7600,30
repair_bit,56,7800,30
repair_bit,56,8000,30
repair_bit,57,1,0
repair_bit,57,200,26
repair_bit,57,400,27
repair_bit,57,600,27
repair_bit,57,800,27
repair_bit,57,1000,28
repair_bit,57,1200,29
repair_bit,57,1400,29
repair_bit,57,1600,30
repair_bit,57,1800,30
repair_bit,57,2000,30
repair_bit,57,2200,30
repair_bit,57,2400,30
repair_bit,57,2600,30
repair_bit,57,2800,30
repair_bit,57,3000,30
repair_bit,57,3200,30
repair_bit,57,3400,30
repair_bit,57,3600,30
repair_bit,57,3800,30
repair_bit,57,4000,30
repair_bit,57,4200,30
repair_bit,57,4400,30
repair_bit,57,4600,30
repair_bit,57,4800,30
repair_bit,57,5000,30
repair_bit,57,5200,30
repair_bit,57,5400,30
repair_bit,57,5600,30
repair_bit,57,5800,30
repair_bit,57,6000,30
repair_bit,57,6200,30
repair_bit,57,6400,30
repair_bit,57,6600,30
repair_bit,57,6800,30
repair_bit,57,7000,30
repair_bit,57,7200,30
repair_bit,57,7400,30
repair_bit,57,7600,30
repair_bit,57,7800,30
repair_bit,57,8000,30
repair_bit,58,1,0
repair_bit,58,200,24
repair_bit,58,400,27
repair_bit,58,600,28
repair_bit,58,800,28
repair_bit,58,1000,30
repair_bit,58,1200,30
repair_bit,58,1400,30
repair_bit,58,1600,30
repair_bit,58,1800,30
repair_bit,58,2000,30
repair_bit,58,2200,30
repair_bit,58,2400,30
repair_bit,58,2600,30
repair_bit,58,2800,30
repair_bit,58,3000,30
repair_bit,58,3200,30
repair_bit,58,3400,30
repair_bit,58,3600,30
repair_bit,58,3800,30
repair_bit,58,4000,30
repair_bit,58,4200,30
repair_bit,58,4400,30
repair_bit,58,4600,30
repair_bit,58,4800,30
repair_bit,58,5000,30
repair_bit,58,5200,30
repair_bit,58,5400,30
repair_bit,58,5600,30
repair_bit,58,5800,30
repair_bit,58,6000,30
repair_bit,58,6200,30
repair_bit,58,6400,30
repair_bit,58,6600,30
repair_bit,58,6800,30
repair_bit,58,7000,30
repair_bit,58,7200,30
repair_bit,58,7400,30
repair_bit,58,7600,30
repair_bit,58,7800,30
repair_bit,58,8000,30
repair_bit,59,1,0
repair_bit,59,200,27
repair_bit,59,400,27
repair_bit,59,600,27
repair_bit,59,800,28
repair_bit,59,1000,28
repair_bit,59,1200,29
repair_bit,59,1400,29
repair_bit,59,1600,30
repair_bit,59,1800,30
repair_bit,59,2000,30
repair_bit,59,2200,30
repair_bit,59,2400,30
repair_bit,59,2600,30
repair_bit,59,2800,30
repair_bit,59,3000,30
repair_bit,59,3200,30
repair_bit,59,3400,30
repair_bit,59,3600,30
repair_bit,59,3800,30
repair_bit,59,4000,30
repair_bit,59,4200,30
repair_bit,59,4400,30
repair_bit,59,4600,30
repair_bit,59,4800,30
repair_bit,59,5000,30
repair_bit,59,5200,30
repair_bit,59,5400,30
repair_bit,59,5600,30
repair_bit,59,5800,30
repair_bit,59,6000,30
repair_bit,59,6200,30
repair_bit,59,6400,30
repair_bit,59,6600,30
repair_bit,59,6800,30
repair_bit,59,7000,30
repair_bit,59,7200,30
repair_bit,59,7400,30
repair_bit,59,7600,30
repair_bit,59,7800,30
repair_bit,59,8000,30
repair_bit,60,1,0
repair_bit,60,200,26
repair_bit,60,400,27
repair_bit,60,600,27
repair_bit,60,800,29
repair_bit,60,1000,29
repair_bit,60,1200,29
repair_bit,60,1400,29
repair_bit,60,1600,29
repair_bit,60,1800,29
repair_bit,60,2000,29
repair_bit,60,2200,29
repair_bit,60,2400,30
repair_bit,60,2600,30
repair_bit,60,2800,30
repair_bit,60,3000,30
repair_bit,60,3200,30
repair_bit,60,3400,30
repair_bit,60,3600,30
repair_bit,60,3800,30
repair_bit,60,4000,30
repair_bit,60,4200,30
repair_bit,60,4400,30
repair_bit,60,4600,30
repair_bit,60,4800,30
repair_bit,60,5000,30
repair_bit,60,5200,30
repair_bit,60,5400,30
repair_bit,60,5600,30
repair_bit,60,5800,30
repair_bit,60,6000,30
repair_bit,60,6200,30
repair_bit,60,6400,30
repair_bit,60,6600,30
repair_bit,60,6800,30
repair_bit,60,7000,30
repair_bit,60,7200,30
repair_bit,60,7400,30
repair_bit,60,7600,30
repair_bit,60,7800,30
repair_bit,60,8000,30
repair_bit,61,1,0
repair_bit,61,200,26
repair_bit,61,400,29
repair_bit,61,600,29
repair_bit,61,800,29
repair_bit,61,1000,29
repair_bit,61,1200,29
repair_bit,61,1400,30
repair_bit,61,1600,30
repair_bit,61,1800,30
repair_bit,61,2000,30
repair_bit,61,2200,30
repair_bit,61,2400,30
repair_bit,61,2600,30
repair_bit,61,2800,30
repair_bit,61,3000,30
repair_bit,61,3200,30
repair_bit,61,3400,30
repair_bit,61,3600,30
repair_bit,61,3800,30
repair_bit,61,4000,30
repair_bit,61,4200,30
repair_bit,61,4400,30
repair_bit,61,4600,30
repair_bit,61,4800,30
repair_bit,61,5000,30
repair_bit,61,5200,30
repair_bit,61,5400,30
repair_bit,61,5600,30
repair_bit,61,5800,30
repair_bit,61,6000,30
repair_bit,61,6200,30
repair_bit,61,6400,30
repair_bit,61,6600,30
repair_bit,61,6800,30
repair_bit,61,7000,30
repair_bit,61,7200,30
repair_bit,61,7400,30
repair_bit,61,7600,30
repair_bit,61,7800,30
repair_bit,61,8000,30
repair_swap,42,1,0
repair_swap,42,200,26
repair_swap,42,400,27
repair_swap,42,600,28
repair_swap,42,800,28
repair_swap,42,1000,29
repair_swap,42,1200,29
repair_swap,42,1400,29
repair_swap,42,1600,30
repair_swap,42,1800,30
repair_swap,42,2000,30
repair_swap,42,2200,30
repair_swap,42,2400,30
repair_swap,42,2600,30
repair_swap,42,2800,30
repair_swap,42,3000,30
repair_swap,42,3200,30
repair_swap,42,3400,30
repair_swap,42,3600,30
repair_swap,42,3800,30
repair_swap,42,4000,30
repair_swap,42,4200,30
repair_swap,42,4400,30
repair_swap,42,4600,30
repair_swap,42,4800,30
repair_swap,42,5000,30
repair_swap,42,5200,30
repair_swap,42,5400,30
repair_swap,42,5600,30
repair_swap,42,5800,30
repair_swap,42,6000,30
repair_swap,42,6200,30
repair_swap,42,6400,30
repair_swap,42,6600,30
repair_swap,42,6800,30
repair_swap,42,7000,30
repair_swap,42,7200,30
repair_swap,42,7400,30
repair_swap,42,7600,30
repair_swap,42,7800,30
repair_swap,42,8000,30
repair_swap,43,1,0
repair_swap,43,200,25
repair_swap,43,400,28
repair_swap,43,600,28
repair_swap,43,800,28
repair_swap,43,1000,30
repair_swap,43,1200,30
repair_swap,43,1400,30
repair_swap,43,1600,30
repair_swap,43,1800,30
repair_swap,43,2000,30
repair_swap,43,2200,30
repair_swap,43,2400,30
repair_swap,43,2600,30
repair_swap,43,2800,30
repair_swap,43,3000,30
repair_swap,43,3200,30
repair_swap,43,3400,30
repair_swap,43,3600,30
repair_swap,43,3800,30
repair_swap,43,4000,30
repair_swap,43,4200,30
repair_swap,43,4400,30
repair_swap,43,4600,30
repair_swap,43,4800,30
repair_swap,43,5000,30
repair_swap,43,5200,30
repair_swap,43,5400,30
repair_swap,43,5600,30
repair_swap,43,5800,30
repair_swap,43,6000,30
repair_swap,43,6200,30
repair_swap,43,6400,30
repair_swap,43,6600,30
repair_swap,43,6800,30
repair_swap,43,7000,30
repair_swap,43,7200,30
repair_swap,43,7400,30
repair_swap,43,7600,30
repair_swap,43,7800,30
repair_swap,43,8000,30
repair_swap,44,1,0
repair_swap,44,200,25
repair_swap,44,400,27
repair_swap,44,600,28
repair_swap,44,800,28
repair_swap,44,1000,28
repair_swap,44,1200,29
repair_swap,44,1400,29
repair_swap,44,1600,29
repair_swap,44,1800,29
repair_swap,44,2000,29
repair_swap,44,2200,29
repair_swap,44,2400,29
repair_swap,44,2600,29
repair_swap,44,2800,29
repair_swap,44,3000,29
repair_swap,44,3200,30
repair_swap,44,3400,30
repair_swap,44,3600,30
repair_swap,44,3800,30
repair_swap,44,4000,30
repair_swap,44,4200,30
repair_swap,44,4400,30
repair_swap,44,4600,30
repair_swap,44,4800,30
repair_swap,44,5000,30
repair_swap,44,5200,30
repair_swap,44,5400,30
repair_swap,44,5600,30
repair_swap,44,5800,30
repair_swap,44,6000,30
repair_swap,44,6200,30
repair_swap,44,6400,30
repair_swap,44,6600,30
repair_swap,44,6800,30
repair_swap,44,7000,30
repair_swap,44,7200,30
repair_swap,44,7400,30
repair_swap,44,7600,30
repair_swap,44,7800,30
repair_swap,44,8000,30
repair_swap,45,1,0
repair_swap,45,200,25
repair_swap,45,400,28
repair_swap,45,600,28
repair_swap,45,800,29
repair_swap,45,1000,29
repair_swap,45,1200,30
repair_swap,45,1400,30
repair_swap,45,1600,30
repair_swap,45,1800,30
repair_swap,45,2000,30
repair_swap,45,2200,30
repair_swap,45,2400,30
repair_swap,45,2600,30
repair_swap,45,2800,30
repair_swap,45,3000,30
repair_swap,45,3200,30
repair_swap,45,3400,30
repair_swap,45,3600,30
repair_swap,45,3800,30
repair_swap,45,4000,30
repair_swap,45,4200,30
repair_swap,45,4400,30
repair_swap,45,4600,30
repair_swap,45,4800,30
repair_swap,45,5000,30
repair_swap,45,5200,30
repair_swap,45,5400,30
repair_swap,45,5600,30
repair_swap,45,5800,30
repair_swap,45,6000,30
repair_swap,45,6200,30
repair_swap,45,6400,30
repair_swap,45,6600,30
repair_swap,45,6800,30
repair_swap,45,7000,30
repair_swap,45,7200,30
repair_swap,45,7400,30
repair_swap,45,7600,30
repair_swap,45,7800,30
repair_swap,45,8000,30
repair_swap,46,1,0
repair_swap,46,200,26
repair_swap,46,400,26
repair_swap,46,600,27
repair_swap,46,800,27
repair_swap,46,1000,27
repair_swap,46,1200,28
repair_swap,46,1400,28
repair_swap,46,1600,28
repair_swap,46,1800,28
repair_swap,46,2000,29
repair_swap,46,2200,29
repair_swap,46,2400,29
repair_swap,46,2600,29
repair_swap,46,2800,29
repair_swap,46,3000,29
repair_swap,46,3200,29
repair_swap,46,3400,30
repair_swap,46,3600,30
repair_swap,46,3800,30
repair_swap,46,4000,30
repair_swap,46,4200,30
repair_swap,46,4400,30
repair_swap,46,4600,30
repair_swap,46,4800,30
repair_swap,46,5000,30
repair_swap,46,5200,30
repair_swap,46,5400,30
repair_swap,46,5600,30
repair_swap,46,5800,30
repair_swap,46,6000,30
repair_swap,46,6200,30
repair_swap,46,6400,30
repair_swap,46,6600,30
repair_swap,46,6800,30
repair_swap,46,7000,30
repair_swap,46,7200,30
repair_swap,46,7400,30
repair_swap,46,7600,30
repair_swap,46,7800,30
repair_swap,46,8000,30
repair_swap,47,1,0
repair_swap,47,200,26
repair_swap,47,400,28
repair_swap,47,600,28
repair_swap,47,800,28
repair_swap,47,1000,30
repair_swap,47,1200,30
repair_swap,47,1400,30
repair_swap,47,1600,30
repair_swap,47,1800,30
repair_swap,47,2000,30
repair_swap,47,2200,30
repair_swap,47,2400,30
repair_swap,47,2600,30
repair_swap,47,2800,30
repair_swap,47,3000,30
repair_swap,47,3200,30
repair_swap,47,3400,30
repair_swap,47,3600,30
repair_swap,47,3800,30
repair_swap,47,4000,30
repair_swap,47,4200,30
repair_swap,47,4400,30
repair_swap,47,4600,30
repair_swap,47,4800,30
repair_swap,47,5000,30
repair_swap,47,5200,30
repair_swap,47,5400,30
repair_swap,47,5600,30
repair_swap,47,5800,30
repair_swap,47,6000,30
repair_swap,47,6200,30
repair_swap,47,6400,30
repair_swap,47,6600,30
repair_swap,47,6800,30
repair_swap,47,7000,30
repair_swap,47,7200,30
repair_swap,47,7400,30
repair_swap,47,7600,30
repair_swap,47,7800,30
repair_swap,47,8000,30
repair_swap,48,1,0
repair_swap,48,200,25
repair_swap,48,400,27
repair_swap,48,600,27
repair_swap,48,800,27
repair_swap,48,1000,28
repair_swap,48,1200,30
repair_swap,48,1400,30
repair_swap,48,1600,30
repair_swap,48,1800,30
repair_swap,48,2000,30
repair_swap,48,2200,30
repair_swap,48,2400,30
repair_swap,48,2600,30
repair_swap,48,2800,30
repair_swap,48,3000,30
repair_swap,48,3200,30
repair_swap,48,3400,30
repair_swap,48,3600,30
repair_swap,48,3800,30
repair_swap,48,4000,30
repair_swap,48,4200,30
repair_swap,48,4400,30
repair_swap,48,4600,30
repair_swap,48,4800,30
repair_swap,48,5000,30
repair_swap,48,5200,30
repair_swap,48,5400,30
repair_swap,48,5600,30
repair_swap,48,5800,30
repair_swap,48,6000,30
repair_swap,48,6200,30
repair_swap,48,6400,30
repair_swap,48,6600,30
repair_swap,48,6800,30
repair_swap,48,7000,30
repair_swap,48,7200,30
repair_swap,48,7400,30
repair_swap,48,7600,30
repair_swap,48,7800,30
repair_swap,48,8000,30
repair_swap,49,1,0
repair_swap,49,200,25
repair_swap,49,400,28
repair_swap,49,600,28
repair_swap,49,800,29
repair_swap,49,1000,30
repair_swap,49,1200,30
repair_swap,49,1400,30
repair_swap,49,1600,30
repair_swap,49,1800,30
repair_swap,49,2000,30
repair_swap,49,2200,30
repair_swap,49,2400,30
repair_swap,49,2600,30
repair_swap,49,2800,30
repair_swap,49,3000,30
repair_swap,49,3200,30
repair_swap,49,3400,30
repair_swap,49,3600,30
repair_swap,49,3800,30
repair_swap,49,4000,30
repair_swap,49,4200,30
repair_swap,49,4400,30
repair_swap,49,4600,30
repair_swap,49,4800,30
repair_swap,49,5000,30
repair_swap,49,5200,30
repair_swap,49,5400,30
repair_swap,49,5600,30
repair_swap,49,5800,30
repair_swap,49,6000,30
repair_swap,49,6200,30
repair_swap,49,6400,30
repair_swap,49,6600,30
repair_swap,49,6800,30
repair_swap,49,7000,30
repair_swap,49,7200,30
repair_swap,49,7400,30
repair_swap,49,7600,30
repair_swap,49,7800,30
repair_swap,49,8000,30
repair_swap,50,1,0
repair_swap,50,200,26
repair_swap,50,400,28
repair_swap,50,600,28
repair_swap,50,800,28
repair_swap,50,1000,28
repair_swap,50,1200,28
repair_swap,50,1400,28
repair_swap,50,1600,28
repair_swap,50,1800,28
repair_swap,50,2000,29
repair_swap,50,2200,29
repair_swap,50,2400,30
repair_swap,50,2600,30
repair_swap,50,2800,30
repair_swap,50,3000,30
repair_swap,50,3200,30
repair_swap,50,3400,30
repair_swap,50,3600,30
repair_swap,50,3800,30
repair_swap,50,4000,30
repair_swap,50,4200,30
repair_swap,50,4400,30
repair_swap,50,4600,30
repair_swap,50,4800,30
repair_swap,50,5000,30
repair_swap,50,5200,30
repair_swap,50,5400,30
repair_swap,50,5600,30
repair_swap,50,5800,30
repair_swap,50,6000,30
repair_swap,50,6200,30
repair_swap,50,6400,30
repair_swap,50,6600,30
repair_swap,50,6800,30
repair_swap,50,7000,30
repair_swap,50,7200,30
repair_swap,50,7400,30
repair_swap,50,7600,30
repair_swap,50,7800,30
repair_swap,50,8000,30
repair_swap,51,1,0
repair_swap,51,200,28
repair_swap,51,400,28
repair_swap,51,600,28
repair_swap,51,800,29
repair_swap,51,1000,29
repair_swap,51,1200,30
repair_swap,51,1400,30
repair_swap,51,1600,30
repair_swap,51,1800,30
repair_swap,51,2000,30
repair_swap,51,2200,30
repair_swap,51,2400,30
repair_swap,51,2600,30
repair_swap,51,2800,30
repair_swap,51,3000,30
repair_swap,51,3200,30
repair_swap,51,3400,30
repair_swap,51,3600,30
repair_swap,51,3800,30
repair_swap,51,4000,30
repair_swap,51,4200,30
repair_swap,51,4400,30
repair_swap,51,4600,30
repair_swap,51,4800,30
repair_swap,51,5000,30
repair_swap,51,5200,30
repair_swap,51,5400,30
repair_swap,51,5600,30
repair_swap,51,5800,30
repair_swap,51,6000,30
repair_swap,51,6200,30
repair_swap,51,6400,30
repair_swap,51,6600,30
repair_swap,51,6800,30
repair_swap,51,7000,30
repair_swap,51,7200,30
repair_swap,51,7400,30
repair_swap,51,7600,30
repair_swap,51,7800,30
repair_swap,51,8000,30
repair_swap,52,1,0
repair_swap,52,200,25
repair_swap,52,400,26
repair_swap,52,600,29
repair_swap,52,800,29
repair_swap,52,1000,29
repair_swap,52,1200,30
repair_swap,52,1400,30
repair_swap,52,1600,30
repair_swap,52,1800,30
repair_swap,52,2000,30
repair_swap,52,2200,30
repair_swap,52,2400,30
repair_swap,52,2600,30
repair_swap,52,2800,30
repair_swap,52,3000,30
repair_swap,52,3200,30
repair_swap,52,3400,30
repair_swap,52,3600,30
repair_swap,52,3800,30
repair_swap,52,4000,30
repair_swap,52,4200,30
repair_swap,52,4400,30
repair_swap,52,4600,30
repair_swap,52,4800,30
repair_swap,52,5000,30
repair_swap,52,5200,30
repair_swap,52,5400,30
repair_swap,52,5600,30
repair_swap,52,5800,30
repair_swap,52,6000,30
repair_swap,52,6200,30
repair_swap,52,6400,30
repair_swap,52,6600,30
repair_swap,52,6800,30
repair_swap,52,7000,30
repair_swap,52,7200,30
repair_swap,52,7400,30
repair_swap,52,7600,30
repair_swap,52,7800,30
repair_swap,52,8000,30
repair_swap,53,1,0
repair_swap,53,200,25
repair_swap,53,400,28
repair_swap,53,600,28
repair_swap,53,800,29
repair_swap,53,1000,29
repair_swap,53,1200,30
repair_swap,53,1400,30
repair_swap,53,1600,30
repair_swap,53,1800,30
repair_swap,53,2000,30
repair_swap,53,2200,30
repair_swap,53,2400,30
repair_swap,53,2600,30
repair_swap,53,2800,30
repair_swap,53,3000,30
repair_swap,53,3200,30
repair_swap,53,3400,30
repair_swap,53,3600,30
repair_swap,53,3800,30
repair_swap,53,4000,30
repair_swap,53,4200,30
repair_swap,53,4400,30
repair_swap,53,4600,30
repair_swap,53,4800,30
repair_swap,53,5000,30
repair_swap,53,5200,30
repair_swap,53,5400,30
repair_swap,53,5600,30
repair_swap,53,5800,30
repair_swap,53,6000,30
repair_swap,53,6200,30
repair_swap,53,6400,30
repair_swap,53,6600,30
repair_swap,53,6800,30
repair_swap,53,7000,30
repair_swap,53,7200,30
repair_swap,53,7400,30
repair_swap,53,7600,30
repair_swap,53,7800,30
repair_swap,53,8000,30
repair_swap,54,1,0
repair_swap,54,200,27
repair_swap,54,400,27
repair_swap,54,600,27
repair_swap,54,800,28
repair_swap,54,1000,28
repair_swap,54,1200,28
repair_swap,54,1400,28
repair_swap,54,1600,28
repair_swap,54,1800,28
repair_swap,54,2000,28
repair_swap,54,2200,29
repair_swap,54,2400,29
repair_swap,54,2600,30
repair_swap,54,2800,30
repair_swap,54,3000,30
repair_swap,54,3200,30
repair_swap,54,3400,30
repair_swap,54,3600,30
repair_swap,54,3800,30
repair_swap,54,4000,30
repair_swap,54,4200,30
repair_swap,54,4400,30
repair_swap,54,4600,30
repair_swap,54,4800,30
repair_swap,54,5000,30
repair_swap,54,5200,30
repair_swap,54,5400,30
repair_swap,54,5600,30
repair_swap,54,5800,30
repair_swap,54,6000,30
repair_swap,54,6200,30
repair_swap,54,6400,30
repair_swap,54,6600,30
repair_swap,54,6800,30
repair_swap,54,7000,30
repair_swap,54,7200,30
repair_swap,54,7400,30
repair_swap,54,7600,30
repair_swap,54,7800,30
repair_swap,54,8000,30
repair_swap,55,1,0
repair_swap,55,200,26
repair_swap,55,400,26
repair_swap,55,600,28
repair_swap,55,800,28
repair_swap,55,1000,29
repair_swap,55,1200,29
repair_swap,55,1400,29
repair_swap,55,1600,29
repair_swap,55,1800,30
repair_swap,55,2000,30
repair_swap,55,2200,30
repair_swap,55,2400,30
repair_swap,55,2600,30
repair_swap,55,2800,30
repair_swap,55,3000,30
repair_swap,55,3200,30
repair_swap,55,3400,30
repair_swap,55,3600,30
repair_swap,55,3800,30
repair_swap,55,4000,30
repair_swap,55,4200,30
repair_swap,55,4400,30
repair_swap,55,4600,30
repair_swap,55,4800,30
repair_swap,55,5000,30
repair_swap,55,5200,30
repair_swap,55,5400,30
repair_swap,55,5600,30
repair_swap,55,5800,30
repair_swap,55,6000,30
repair_swap,55,6200,30
repair_swap,55,6400,30
repair_swap,55,6600,30
repair_swap,55,6800,30
repair_swap,55,7000,30
repair_swap,55,7200,30
repair_swap,55,7400,30
repair_swap,55,7600,30
repair_swap,55,7800,30
repair_swap,55,8000,30
repair_swap,56,1,0
repair_swap,56,200,25
repair_swap,56,400,27
repair_swap,56,600,28
repair_swap,56,800,28
repair_swap,56,1000,30
repair_swap,56,1200,30
repair_swap,56,1400,30
repair_swap,56,1600,30
repair_swap,56,1800,30
repair_swap,56,2000,30
repair_swap,56,2200,30
repair_swap,56,2400,30
repair_swap,56,2600,30
repair_swap,56,2800,30
repair_swap,56,3000,30
repair_swap,56,3200,30
repair_swap,56,3400,30
repair_swap,56,3600,30
repair_swap,56,3800,30
repair_swap,56,4000,30
repair_swap,56,4200,30
repair_swap,56,4400,30
repair_swap,56,4600,30
repair_swap,56,4800,30
repair_swap,56,5000,30
repair_swap,56,5200,30
repair_swap,56,5400,30
repair_swap,56,5600,30
repair_swap,56,5800,30
repair_swap,56,6000,30
repair_swap,56,6200,30
repair_swap,56,6400,30
repair_swap,56,6600,30
repair_swap,56,6800,30
repair_swap,56,7000,30
repair_swap,56,7200,30
repair_swap,56,7400,30
repair_swap,56,7600,30
repair_swap,56,7800,30
repair_swap,56,8000,30
repair_swap,57,1,0
repair_swap,57,200,27
repair_swap,57,400,28
repair_swap,57,600,28
repair_swap,57,800,30
repair_swap,57,1000,30
repair_swap,57,1200,30
repair_swap,57,1400,30
repair_swap,57,1600,30
repair_swap,57,1800,30
repair_swap,57,2000,30
repair_swap,57,2200,30
repair_swap,57,2400,30
repair_swap,57,2600,30
repair_swap,57,2800,30
repair_swap,57,3000,30
repair_swap,57,3200,30
repair_swap,57,3400,30
repair_swap,57,3600,30
repair_swap,57,3800,30
repair_swap,57,4000,30
repair_swap,57,4200,30
repair_swap,57,4400,30
repair_swap,57,4600,30
repair_swap,57,4800,30
repair_swap,57,5000,30
repair_swap,57,5200,30
repair_swap,57,5400,30
repair_swap,57,5600,30
repair_swap,57,5800,30
repair_swap,57,6000,30
repair_swap,57,6200,30
repair_swap,57,6400,30
repair_swap,57,6600,30
repair_swap,57,6800,30
repair_swap,57,7000,30
repair_swap,57,7200,30
repair_swap,57,7400,30
repair_swap,57,7600,30
repair_swap,57,7800,30
repair_swap,57,8000,30
repair_swap,58,1,0
repair_swap,58,200,26
repair_swap,58,400,29
repair_swap,58,600,29
repair_swap,58,800,29
repair_swap,58,1000,29
repair_swap,58,1200,29
repair_swap,58,1400,29
repair_swap,58,1600,30
repair_swap,58,1800,30
repair_swap,58,2000,30
repair_swap,58,2200,30
repair_swap,58,2400,30
repair_swap,58,2600,30
repair_swap,58,2800,30
repair_swap,58,3000,30
repair_swap,58,3200,30
repair_swap,58,3400,30
repair_swap,58,3600,30
repair_swap,58,3800,30
repair_swap,58,4000,30
repair_swap,58,4200,30
repair_swap,58,4400,30
repair_swap,58,4600,30
repair_swap,58,4800,30
repair_swap,58,5000,30
repair_swap,58,5200,30
repair_swap,58,5400,30
repair_swap,58,5600,30
repair_swap,58,5800,30
repair_swap,58,6000,30
repair_swap,58,6200,30
repair_swap,58,6400,30
repair_swap,58,6600,30
repair_swap,58,6800,30
repair_swap,58,7000,30
repair_swap,58,7200,30
repair_swap,58,7400,30
repair_swap,58,7600,30
repair_swap,58,7800,30
repair_swap,58,8000,30
repair_swap,59,1,0
repair_swap,59,200,28
repair_swap,59,400,28
repair_swap,59,600,28
repair_swap,59,800,29
repair_swap,59,1000,29
repair_swap,59,1200,29
repair_swap,59,1400,29
repair_swap,59,1600,30
repair_swap,59,1800,30
repair_swap,59,2000,30
repair_swap,59,2200,30
repair_swap,59,2400,30
repair_swap,59,2600,30
repair_swap,59,2800,30
repair_swap,59,3000,30
repair_swap,59,3200,30
repair_swap,59,3400,30
repair_swap,59,3600,30
repair_swap,59,3800,30
repair_swap,59,4000,30
repair_swap,59,4200,30
repair_swap,59,4400,30
repair_swap,59,4600,30
repair_swap,59,4800,30
repair_swap,59,5000,30
repair_swap,59,5200,30
repair_swap,59,5400,30
repair_swap,59,5600,30
repair_swap,59,5800,30
repair_swap,59,6000,30
repair_swap,59,6200,30
repair_swap,59,6400,30
repair_swap,59,6600,30
repair_swap,59,6800,30
repair_swap,59,7000,30
repair_swap,59,7200,30
repair_swap,59,7400,30
repair_swap,59,7600,30
repair_swap,59,7800,30
repair_swap,59,8000,30
repair_swap,60,1,0
repair_swap,60,200,25
repair_swap,60,400,27
repair_swap,60,600,27
repair_swap,60,800,29
repair_swap,60,1000,29
repair_swap,60,1200,30
repair_swap,60,1400,30
repair_swap,60,1600,30
repair_swap,60,1800,30
repair_swap,60,2000,30
repair_swap,60,2200,30
repair_swap,60,2400,30
repair_swap,60,2600,30
repair_swap,60,2800,30
repair_swap,60,3000,30
repair_swap,60,3200,30
repair_swap,60,3400,30
repair_swap,60,3600,30
repair_swap,60,3800,30
repair_swap,60,4000,30
repair_swap,60,4200,30
repair_swap,60,4400,30
repair_swap,60,4600,30
repair_swap,60,4800,30
repair_swap,60,5000,30
repair_swap,60,5200,30
repair_swap,60,5400,30
repair_swap,60,5600,30
repair_swap,60,5800,30
repair_swap,60,6000,30
repair_swap,60,6200,30
repair_swap,60,6400,30
repair_swap,60,6600,30
repair_swap,60,6800,30
repair_swap,60,7000,30
repair_swap,60,7200,30
repair_swap,60,7400,30
repair_swap,60,7600,30
repair_swap,60,7800,30
repair_swap,60,8000,30
repair_swap,61,1,0
repair_swap,61,200,26
repair_swap,61,400,26
repair_swap,61,600,27
repair_swap,61,800,27
repair_swap,61,1000,27
repair_swap,61,1200,29
repair_swap,61,1400,29
repair_swap,61,1600,29
repair_swap,61,1800,29
repair_swap,61,2000,30
repair_swap,61,2200,30
repair_swap,61,2400,30
repair_swap,61,2600,30
repair_swap,61,2800,30
repair_swap,61,3000,30
repair_swap,61,3200,30
repair_swap,61,3400,30
repair_swap,61,3600,30
repair_swap,61,3800,30
repair_swap,61,4000,30
repair_swap,61,4200,30
repair_swap,61,4400,30
repair_swap,61,4600,30
repair_swap,61,4800,30
repair_swap,61,5000,30
repair_swap,61,5200,30
repair_swap,61,5400,30
repair_swap,61,5600,30
repair_swap,61,5800,30
repair_swap,61,6000,30
repair_swap,61,6200,30
repair_swap,61,6400,30
repair_swap,61,6600,30
repair_swap,61,6800,30
repair_swap,61,7000,30
repair_swap,61,7200,30
repair_swap,61,7400,30
repair_swap,61,7600,30
repair_swap,61,7800,30
repair_swap,61,8000,30
random_feasible,42,1,17
random_feasible,42,200,26
random_feasible,42,400,26
random_feasible,42,600,26
random_feasible,42,800,26
random_feasible,42,1000,26
random_feasible,42,1200,26
random_feasible,42,1400,26
random_feasible,42,1600,26
random_feasible,42,1800,26
random_feasible,42,2000,26
random_feasible,42,2200,26
random_feasible,42,2400,26
random_feasible,42,2600,26
random_feasible,42,2800,26
random_feasible,42,3000,26
random_feasible,42,3200,26
random_feasible,42,3400,26
random_feasible,42,3600,26
random_feasible,42,3800,26
random_feasible,42,4000,28
random_feasible,42,4200,28
random_feasible,42,4400,28
random_feasible,42,4600,28
random_feasible,42,4800,28
random_feasible,42,5000,28
random_feasible,42,5200,28
random_feasible,42,5400,28
random_feasible,42,5600,28
random_feasible,42,5800,28
random_feasible,42,6000,28
random_feasible,42,6200,28
random_feasible,42,6400,28
random_feasible,42,6600,28
random_feasible,42,6800,28
random_feasible,42,7000,28
random_feasible,42,7200,28
random_feasible,42,7400,28
random_feasible,42,7600,28
random_feasible,42,7800,28
random_feasible,42,8000,28
random_feasible,43,1,24
random_feasible,43,200,26
random_feasible,43,400,26
random_feasible,43,600,26
random_feasible,43,800,26
random_feasible,43,1000,26
random_feasible,43,1200,26
random_feasible,43,1400,26
random_feasible,43,1600,26
random_feasible,43,1800,26
random_feasible,43,2000,26
random_feasible,43,2200,26
random_feasible,43,2400,26
random_feasible,43,2600,26
random_feasible,43,2800,26
random_feasible,43,3000,26
random_feasible,43,3200,26
random_feasible,43,3400,26
random_feasible,43,3600,26
random_feasible,43,3800,26
random_feasible,43,4000,26
random_feasible,43,4200,26
random_feasible,43,4400,26
random_feasible,43,4600,26
random_feasible,43,4800,26
random_feasible,43,5000,26
random_feasible,43,5200,26
random_feasible,43,5400,27
random_feasible,43,5600,27
random_feasible,43,5800,27
random_feasible,43,6000,27
random_feasible,43,6200,27
random_feasible,43,6400,27
random_feasible,43,6600,27
random_feasible,43,6800,27
random_feasible,43,7000,27
random_feasible,43,7200,27
random_feasible,43,7400,27
random_feasible,43,7600,27
random_feasible,43,7800,27
random_feasible,43,8000,27
random_feasible,44,1,19
random_feasible,44,200,25
random_feasible,44,400,27
random_feasible,44,600,27
random_feasible,44,800,27
random_feasible,44,1000,27
random_feasible,44,1200,27
random_feasible,44,1400,27
random_feasible,44,1600,27
random_feasible,44,1800,27
random_feasible,44,2000,27
random_feasible,44,2200,27
random_feasible,44,2400,27
random_feasible,44,2600,27
random_feasible,44,2800,27
random_feasible,44,3000,27
random_feasible,44,3200,27
random_feasible,44,3400,27
random_feasible,44,3600,27
random_feasible,44,3800,27
random_feasible,44,4000,27
random_feasible,44,4200,27
random_feasible,44,4400,27
random_feasible,44,4600,27
random_feasible,44,4800,27
random_feasible,44,5000,27
random_feasible,44,5200,27
random_feasible,44,5400,27
random_feasible,44,5600,27
random_feasible,44,5800,27
random_feasible,44,6000,27
random_feasible,44,6200,27
random_feasible,44,6400,27
random_feasible,44,6600,27
random_feasible,44,6800,27
random_feasible,44,7000,27
random_feasible,44,7200,27
random_feasible,44,7400,27
random_feasible,44,7600,27
random_feasible,44,7800,27
random_feasible,44,8000,27
random_feasible,45,1,19
random_feasible,45,200,26
random_feasible,45,400,26
random_feasible,45,600,26
random_feasible,45,800,26
random_feasible,45,1000,27
random_feasible,45,1200,27
random_feasible,45,1400,27
random_feasible,45,1600,27
random_feasible,45,1800,27
random_feasible,45,2000,27
random_feasible,45,2200,27
random_feasible,45,2400,27
random_feasible,45,2600,27
random_feasible,45,2800,27
random_feasible,45,3000,27
random_feasible,45,3200,27
random_feasible,45,3400,27
random_feasible,45,3600,27
random_feasible,45,3800,27
random_feasible,45,4000,27
random_feasible,45,4200,27
random_feasible,45,4400,27
random_feasible,45,4600,27
random_feasible,45,4800,28
random_feasible,45,5000,28
random_feasible,45,5200,28
random_feasible,45,5400,28
random_feasible,45,5600,28
random_feasible,45,5800,28
random_feasible,45,6000,28
random_feasible,45,6200,28
random_feasible,45,6400,28
random_feasible,45,6600,28
random_feasible,45,6800,28
random_feasible,45,7000,28
random_feasible,45,7200,28
random_feasible,45,7400,28
random_feasible,45,7600,28
random_feasible,45,7800,28
random_feasible,45,8000,28
random_feasible,46,1,20
random_feasible,46,200,26
random_feasible,46,400,26
random_feasible,46,600,26
random_feasible,46,800,26
random_feasible,46,1000,26
random_feasible,46,1200,26
random_feasible,46,1400,26
random_feasible,46,1600,26
random_feasible,46,1800,26
random_feasible,46,2000,26
random_feasible,46,2200,26
random_feasible,46,2400,27
random_feasible,46,2600,27
random_feasible,46,2800,27
random_feasible,46,3000,27
random_feasible,46,3200,28
random_feasible,46,3400,28
random_feasible,46,3600,28
random_feasible,46,3800,28
random_feasible,46,4000,28
random_feasible,46,4200,28
random_feasible,46,4400,28
random_feasible,46,4600,28
random_feasible,46,4800,28
random_feasible,46,5000,28
random_feasible,46,5200,28
random_feasible,46,5400,28
random_feasible,46,5600,28
random_feasible,46,5800,28
random_feasible,46,6000,28
random_feasible,46,6200,28
random_feasible,46,6400,28
random_feasible,46,6600,28
random_feasible,46,6800,28
random_feasible,46,7000,28
random_feasible,46,7200,28
random_feasible,46,7400,28
random_feasible,46,7600,28
random_feasible,46,7800,28
random_feasible,46,8000,28
random_feasible,47,1,20
random_feasible,47,200,25
random_feasible,47,400,25
random_feasible,47,600,26
random_feasible,47,800,26
random_feasible,47,1000,26
random_feasible,47,1200,26
random_feasible,47,1400,26
random_feasible,47,1600,27
random_feasible,47,1800,27
random_feasible,47,2000,27
random_feasible,47,2200,27
random_feasible,47,2400,27
random_feasible,47,2600,27
random_feasible,47,2800,27
random_feasible,47,3000,27
random_feasible,47,3200,27
random_feasible,47,3400,27
random_feasible,47,3600,27
random_feasible,47,3800,27
random_feasible,47,4000,27
random_feasible,47,4200,27
random_feasible,47,4400,27
random_feasible,47,4600,27
random_feasible,47,4800,27
random_feasible,47,5000,27
random_feasible,47,5200,28
random_feasible,47,5400,28
random_feasible,47,5600,28
random_feasible,47,5800,28
random_feasible,47,6000,28
random_feasible,47,6200,28
random_feasible,47,6400,28
random_feasible,47,6600,28
random_feasible,47,6800,28
random_feasible,47,7000,28
random_feasible,47,7200,28
random_feasible,47,7400,28
random_feasible,47,7600,28
random_feasible,47,7800,28
random_feasible,47,8000,28
random_feasible,48,1,17
random_feasible,48,200,27
random_feasible,48,400,27
random_feasible,48,600,27
random_feasible,48,800,27
random_feasible,48,1000,27
random_feasible,48,1200,27
random_feasible,48,1400,27
random_feasible,48,1600,27
random_feasible,48,1800,27
random_feasible,48,2000,27
random_feasible,48,2200,27
random_feasible,48,2400,27
random_feasible,48,2600,27
random_feasible,48,2800,27
random_feasible,48,3000,27
random_feasible,48,3200,27
random_feasible,48,3400,27
random_feasible,48,3600,27
random_feasible,48,3800,27
random_feasible,48,4000,27
random_feasible,48,4200,27
random_feasible,48,4400,27
random_feasible,48,4600,27
random_feasible,48,4800,27
random_feasible,48,5000,27
random_feasible,48,5200,27
random_feasible,48,5400,27
random_feasible,48,5600,27
random_feasible,48,5800,27
random_feasible,48,6000,27
random_feasible,48,6200,27
random_feasible,48,6400,27
random_feasible,48,6600,27
random_feasible,48,6800,27
random_feasible,48,7000,27
random_feasible,48,7200,27
random_feasible,48,7400,27
random_feasible,48,7600,27
random_feasible,48,7800,27
random_feasible,48,8000,27
random_feasible,49,1,19
random_feasible,49,200,24
random_feasible,49,400,27
random_feasible,49,600,27
random_feasible,49,800,27
random_feasible,49,1000,27
random_feasible,49,1200,27
random_feasible,49,1400,27
random_feasible,49,1600,27
random_feasible,49,1800,27
random_feasible,49,2000,27
random_feasible,49,2200,27
random_feasible,49,2400,27
random_feasible,49,2600,27
random_feasible,49,2800,27
random_feasible,49,3000,27
random_feasible,49,3200,27
random_feasible,49,3400,27
random_feasible,49,3600,27
random_feasible,49,3800,27
random_feasible,49,4000,27
random_feasible,49,4200,27
random_feasible,49,4400,27
random_feasible,49,4600,27
random_feasible,49,4800,27
random_feasible,49,5000,27
random_feasible,49,5200,27
random_feasible,49,5400,27
random_feasible,49,5600,28
random_feasible,49,5800,28
random_feasible,49,6000,28
random_feasible,49,6200,28
random_feasible,49,6400,28
random_feasible,49,6600,28
random_feasible,49,6800,28
random_feasible,49,7000,28
random_feasible,49,7200,28
random_feasible,49,7400,28
random_feasible,49,7600,28
random_feasible,49,7800,28
random_feasible,49,8000,28
random_feasible,50,1,17
random_feasible,50,200,25
random_feasible,50,400,29
random_feasible,50,600,29
random_feasible,50,800,29
random_feasible,50,1000,29
random_feasible,50,1200,29
random_feasible,50,1400,29
random_feasible,50,1600,29
random_feasible,50,1800,29
random_feasible,50,2000,29
random_feasible,50,2200,29
random_feasible,50,2400,29
random_feasible,50,2600,29
random_feasible,50,2800,29
random_feasible,50,3000,29
random_feasible,50,3200,29
random_feasible,50,3400,29
random_feasible,50,3600,29
random_feasible,50,3800,29
random_feasible,50,4000,29
random_feasible,50,4200,29
random_feasible,50,4400,29
random_feasible,50,4600,29
random_feasible,50,4800,29
random_feasible,50,5000,29
random_feasible,50,5200,29
random_feasible,50,5400,29
random_feasible,50,5600,29
random_feasible,50,5800,29
random_feasible,50,6000,29
random_feasible,50,6200,29
random_feasible,50,6400,29
random_feasible,50,6600,29
random_feasible,50,6800,29
random_feasible,50,7000,29
random_feasible,50,7200,29
random_feasible,50,7400,29
random_feasible,50,7600,29
random_feasible,50,7800,29
random_feasible,50,8000,29
random_feasible,51,1,21
random_feasible,51,200,28
random_feasible,51,400,28
random_feasible,51,600,28
random_feasible,51,800,28
random_feasible,51,1000,28
random_feasible,51,1200,28
random_feasible,51,1400,28
random_feasible,51,1600,28
random_feasible,51,1800,28
random_feasible,51,2000,28
random_feasible,51,2200,28
random_feasible,51,2400,28
random_feasible,51,2600,28
random_feasible,51,2800,28
random_feasible,51,3000,28
random_feasible,51,3200,28
random_feasible,51,3400,28
random_feasible,51,3600,28
random_feasible,51,3800,28
random_feasible,51,4000,28
random_feasible,51,4200,28
random_feasible,51,4400,28
random_feasible,51,4600,28
random_feasible,51,4800,28
random_feasible,51,5000,28
random_feasible,51,5200,28
random_feasible,51,5400,28
random_feasible,51,5600,28
random_feasible,51,5800,28
random_feasible,51,6000,28
random_feasible,51,6200,28
random_feasible,51,6400,28
random_feasible,51,6600,28
random_feasible,51,6800,28
random_feasible,51,7000,28
random_feasible,51,7200,28
random_feasible,51,7400,28
random_feasible,51,7600,28
random_feasible,51,7800,28
random_feasible,51,8000,28
random_feasible,52,1,19
random_feasible,52,200,25
random_feasible,52,400,26
random_feasible,52,600,26
random_feasible,52,800,26
random_feasible,52,1000,26
random_feasible,52,1200,26
random_feasible,52,1400,27
random_feasible,52,1600,27
random_feasible,52,1800,27
random_feasible,52,2000,27
random_feasible,52,2200,27
random_feasible,52,2400,27
random_feasible,52,2600,27
random_feasible,52,2800,27
random_feasible,52,3000,27
random_feasible,52,3200,27
random_feasible,52,3400,27
random_feasible,52,3600,27
random_feasible,52,3800,27
random_feasible,52,4000,27
random_feasible,52,4200,27
random_feasible,52,4400,27
random_feasible,52,4600,27
random_feasible,52,4800,27
random_feasible,52,5000,27
random_feasible,52,5200,27
random_feasible,52,5400,27
random_feasible,52,5600,27
random_feasible,52,5800,27
random_feasible,52,6000,27
random_feasible,52,6200,27
random_feasible,52,6400,27
random_feasible,52,6600,27
random_feasible,52,6800,27
random_feasible,52,7000,27
random_feasible,52,7200,27
random_feasible,52,7400,27
random_feasible,52,7600,27
random_feasible,52,7800,27
random_feasible,52,8000,27
random_feasible,53,1,18
random_feasible,53,200,24
random_feasible,53,400,25
random_feasible,53,600,26
random_feasible,53,800,27
random_feasible,53,1000,27
random_feasible,53,1200,27
random_feasible,53,1400,27
random_feasible,53,1600,27
random_feasible,53,1800,27
random_feasible,53,2000,28
random_feasible,53,2200,28
random_feasible,53,2400,28
random_feasible,53,2600,28
random_feasible,53,2800,28
random_feasible,53,3000,28
random_feasible,53,3200,28
random_feasible,53,3400,28
random_feasible,53,3600,28
random_feasible,53,3800,28
random_feasible,53,4000,28
random_feasible,53,4200,28
random_feasible,53,4400,28
random_feasible,53,4600,28
random_feasible,53,4800,28
random_feasible,53,5000,28
random_feasible,53,5200,28
random_feasible,53,5400,28
random_feasible,53,5600,28
random_feasible,53,5800,28
random_feasible,53,6000,28
random_feasible,53,6200,28
random_feasible,53,6400,28
random_feasible,53,6600,28
random_feasible,53,6800,28
random_feasible,53,7000,28
random_feasible,53,7200,28
random_feasible,53,7400,28
random_feasible,53,7600,28
random_feasible,53,7800,28
random_feasible,53,8000,28
random_feasible,54,1,21
random_feasible,54,200,26
random_feasible,54,400,26
random_feasible,54,600,26
random_feasible,54,800,27
random_feasible,54,1000,27
random_feasible,54,1200,27
random_feasible,54,1400,27
random_feasible,54,1600,27
random_feasible,54,1800,27
random_feasible,54,2000,27
random_feasible,54,2200,27
random_feasible,54,2400,27
random_feasible,54,2600,27
random_feasible,54,2800,27
random_feasible,54,3000,27
random_feasible,54,3200,27
random_feasible,54,3400,27
random_feasible,54,3600,28
random_feasible,54,3800,28
random_feasible,54,4000,28
random_feasible,54,4200,28
random_feasible,54,4400,28
random_feasible,54,4600,28
random_feasible,54,4800,28
random_feasible,54,5000,28
random_feasible,54,5200,28
random_feasible,54,5400,28
random_feasible,54,5600,28
random_feasible,54,5800,28
random_feasible,54,6000,28
random_feasible,54,6200,28
random_feasible,54,6400,28
random_feasible,54,6600,28
random_feasible,54,6800,28
random_feasible,54,7000,28
random_feasible,54,7200,28
random_feasible,54,7400,28
random_feasible,54,7600,28
random_feasible,54,7800,28
random_feasible,54,8000,28
random_feasible,55,1,21
random_feasible,55,200,27
random_feasible,55,400,27
random_feasible,55,600,28
random_feasible,55,800,28
random_feasible,55,1000,28
random_feasible,55,1200,28
random_feasible,55,1400,28
random_feasible,55,1600,28
random_feasible,55,1800,28
random_feasible,55,2000,28
random_feasible,55,2200,28
random_feasible,55,2400,28
random_feasible,55,2600,28
random_feasible,55,2800,28
random_feasible,55,3000,28
random_feasible,55,3200,28
random_feasible,55,3400,28
random_feasible,55,3600,28
random_feasible,55,3800,28
random_feasible,55,4000,28
random_feasible,55,4200,28
random_feasible,55,4400,28
random_feasible,55,4600,28
random_feasible,55,4800,28
random_feasible,55,5000,28
random_feasible,55,5200,28
random_feasible,55,5400,28
random_feasible,55,5600,28
random_feasible,55,5800,28
random_feasible,55,6000,28
random_feasible,55,6200,28
random_feasible,55,6400,28
random_feasible,55,6600,28
random_feasible,55,6800,28
random_feasible,55,7000,28
random_feasible,55,7200,28
random_feasible,55,7400,28
random_feasible,55,7600,28
random_feasible,55,7800,28
random_feasible,55,8000,28
random_feasible,56,1,21
random_feasible,56,200,25
random_feasible,56,400,25
random_feasible,56,600,25
random_feasible,56,800,26
random_feasible,56,1000,27
random_feasible,56,1200,27
random_feasible,56,1400,27
random_feasible,56,1600,27
random_feasible,56,1800,27
random_feasible,56,2000,27
random_feasible,56,2200,27
random_feasible,56,2400,27
random_feasible,56,2600,27
random_feasible,56,2800,27
random_feasible,56,3000,27
random_feasible,56,3200,27
random_feasible,56,3400,27
random_feasible,56,3600,27
random_feasible,56,3800,27
random_feasible,56,4000,27
random_feasible,56,4200,27
random_feasible,56,4400,27
random_feasible,56,4600,27
random_feasible,56,4800,27
random_feasible,56,5000,27
random_feasible,56,5200,27
random_feasible,56,5400,27
random_feasible,56,5600,27
random_feasible,56,5800,28
random_feasible,56,6000,28
random_feasible,56,6200,28
random_feasible,56,6400,28
random_feasible,56,6600,28
random_feasible,56,6800,28
random_feasible,56,7000,28
random_feasible,56,7200,28
random_feasible,56,7400,28
random_feasible,56,7600,28
random_feasible,56,7800,28
random_feasible,56,8000,28
random_feasible,57,1,17
random_feasible,57,200,26
random_feasible,57,400,26
random_feasible,57,600,26
random_feasible,57,800,26
random_feasible,57,1000,26
random_feasible,57,1200,26
random_feasible,57,1400,26
random_feasible,57,1600,26
random_feasible,57,1800,26
random_feasible,57,2000,26
random_feasible,57,2200,26
random_feasible,57,2400,26
random_feasible,57,2600,26
random_feasible,57,2800,26
random_feasible,57,3000,26
random_feasible,57,3200,26
random_feasible,57,3400,26
random_feasible,57,3600,28
random_feasible,57,3800,28
random_feasible,57,4000,28
random_feasible,57,4200,28
random_feasible,57,4400,28
random_feasible,57,4600,28
random_feasible,57,4800,28
random_feasible,57,5000,28
random_feasible,57,5200,28
random_feasible,57,5400,28
random_feasible,57,5600,28
random_feasible,57,5800,28
random_feasible,57,6000,28
random_feasible,57,6200,28
random_feasible,57,6400,28
random_feasible,57,6600,28
random_feasible,57,6800,28
random_feasible,57,7000,28
random_feasible,57,7200,28
random_feasible,57,7400,28
random_feasible,57,7600,28
random_feasible,57,7800,28
random_feasible,57,8000,28
random_feasible,58,1,21
random_feasible,58,200,25
random_feasible,58,400,26
random_feasible,58,600,26
random_feasible,58,800,26
random_feasible,58,1000,26
random_feasible,58,1200,26
random_feasible,58,1400,26
random_feasible,58,1600,26
random_feasible,58,1800,27
random_feasible,58,2000,27
random_feasible,58,2200,27
random_feasible,58,2400,27
random_feasible,58,2600,27
random_feasible,58,2800,27
random_feasible,58,3000,27
random_feasible,58,3200,27
random_feasible,58,3400,27
random_feasible,58,3600,27
random_feasible,58,3800,27
random_feasible,58,4000,27
random_feasible,58,4200,27
random_feasible,58,4400,27
random_feasible,58,4600,27
random_feasible,58,4800,27
random_feasible,58,5000,27
random_feasible,58,5200,27
random_feasible,58,5400,27
random_feasible,58,5600,27
random_feasible,58,5800,28
random_feasible,58,6000,28
random_feasible,58,6200,28
random_feasible,58,6400,28
random_feasible,58,6600,29
random_feasible,58,6800,29
random_feasible,58,7000,29
random_feasible,58,7200,29
random_feasible,58,7400,29
random_feasible,58,7600,29
random_feasible,58,7800,29
random_feasible,58,8000,29
random_feasible,59,1,17
random_feasible,59,200,26
random_feasible,59,400,26
random_feasible,59,600,27
random_feasible,59,800,27
random_feasible,59,1000,27
random_feasible,59,1200,27
random_feasible,59,1400,27
random_feasible,59,1600,27
random_feasible,59,1800,27
random_feasible,59,2000,27
random_feasible,59,2200,27
random_feasible,59,2400,27
random_feasible,59,2600,27
random_feasible,59,2800,27
random_feasible,59,3000,27
random_feasible,59,3200,27
random_feasible,59,3400,27
random_feasible,59,3600,27
random_feasible,59,3800,27
random_feasible,59,4000,27
random_feasible,59,4200,27
random_feasible,59,4400,27
random_feasible,59,4600,27
random_feasible,59,4800,27
random_feasible,59,5000,27
random_feasible,59,5200,27
random_feasible,59,5400,27
random_feasible,59,5600,27
random_feasible,59,5800,27
random_feasible,59,6000,27
random_feasible,59,6200,27
random_feasible,59,6400,27
random_feasible,59,6600,27
random_feasible,59,6800,27
random_feasible,59,7000,27
random_feasible,59,7200,27
random_feasible,59,7400,27
random_feasible,59,7600,27
random_feasible,59,7800,27
random_feasible,59,8000,27
random_feasible,60,1,21
random_feasible,60,200,27
random_feasible,60,400,27
random_feasible,60,600,27
random_feasible,60,800,27
random_feasible,60,1000,27
random_feasible,60,1200,27
random_feasible,60,1400,27
random_feasible,60,1600,27
random_feasible,60,1800,27
random_feasible,60,2000,27
random_feasible,60,2200,27
random_feasible,60,2400,27
random_feasible,60,2600,27
random_feasible,60,2800,27
random_feasible,60,3000,27
random_feasible,60,3200,27
random_feasible,60,3400,27
random_feasible,60,3600,27
random_feasible,60,3800,27
random_feasible,60,4000,27
random_feasible,60,4200,27
random_feasible,60,4400,27
random_feasible,60,4600,27
random_feasible,60,4800,27
random_feasible,60,5000,27
random_feasible,60,5200,27
random_feasible,60,5400,27
random_feasible,60,5600,27
random_feasible,60,5800,27
random_feasible,60,6000,27
random_feasible,60,6200,27
random_feasible,60,6400,27
random_feasible,60,6600,27
random_feasible,60,6800,27
random_feasible,60,7000,27
random_feasible,60,7200,27
random_feasible,60,7400,27
random_feasible,60,7600,27
random_feasible,60,7800,27
random_feasible,60,8000,27
random_feasible,61,1,21
random_feasible,61,200,25
random_feasible,61,400,26
random_feasible,61,600,26
random_feasible,61,800,26
random_feasible,61,1000,26
random_feasible,61,1200,26
random_feasible,61,1400,26
random_feasible,61,1600,26
random_feasible,61,1800,26
random_feasible,61,2000,26
random_feasible,61,2200,26
random_feasible,61,2400,26
random_feasible,61,2600,27
random_feasible,61,2800,27
random_feasible,61,3000,27
random_feasible,61,3200,27
random_feasible,61,3400,27
random_feasible,61,3600,27
random_feasible,61,3800,27
random_feasible,61,4000,27
random_feasible,61,4200,27
random_feasible,61,4400,27
random_feasible,61,4600,27
random_feasible,61,4800,27
random_feasible,61,5000,27
random_feasible,61,5200,27
random_feasible,61,5400,27
random_feasible,61,5600,27
random_feasible,61,5800,27
random_feasible,61,6000,27
random_feasible,61,6200,27
random_feasible,61,6400,27
random_feasible,61,6600,27
random_feasible,61,6800,27
random_feasible,61,7000,27
random_feasible,61,7200,27
random_feasible,61,7400,27
random_feasible,61,7600,27
random_feasible,61,7800,27
random_feasible,61,8000,27
