left,right,seed,difference_right_minus_left
penalty_bit,repair_bit,42,0
penalty_bit,repair_bit,43,0
penalty_bit,repair_bit,44,0
penalty_bit,repair_bit,45,0
penalty_bit,repair_bit,46,0
penalty_bit,repair_bit,47,0
penalty_bit,repair_bit,48,3
penalty_bit,repair_bit,49,0
penalty_bit,repair_bit,50,0
penalty_bit,repair_bit,51,0
penalty_bit,repair_bit,52,0
penalty_bit,repair_bit,53,0
penalty_bit,repair_bit,54,0
penalty_bit,repair_bit,55,2
penalty_bit,repair_bit,56,0
penalty_bit,repair_bit,57,0
penalty_bit,repair_bit,58,2
penalty_bit,repair_bit,59,0
penalty_bit,repair_bit,60,0
penalty_bit,repair_bit,61,0
repair_bit,repair_swap,42,0
repair_bit,repair_swap,43,0
repair_bit,repair_swap,44,0
repair_bit,repair_swap,45,0
repair_bit,repair_swap,46,0
repair_bit,repair_swap,47,0
repair_bit,repair_swap,48,0
repair_bit,repair_swap,49,0
repair_bit,repair_swap,50,0
repair_bit,repair_swap,51,0
repair_bit,repair_swap,52,0
repair_bit,repair_swap,53,0
repair_bit,repair_swap,54,0
repair_bit,repair_swap,55,0
repair_bit,repair_swap,56,0
repair_bit,repair_swap,57,0
repair_bit,repair_swap,58,0
repair_bit,repair_swap,59,0
repair_bit,repair_swap,60,0
repair_bit,repair_swap,61,0
