method,seed,coverage,coverage_percent,posts_count,posts,mask,evaluations,feasible_evaluations,feasible_fraction,seconds
penalty_bit,42,30,75.0,5,6 10 17 33 40,554050847264,8000,4081,0.510125,0.0623131059996922
penalty_bit,43,30,75.0,5,6 10 17 33 40,554050847264,8000,4110,0.51375,0.0632490709999729
penalty_bit,44,30,75.0,5,6 10 17 33 40,554050847264,8000,4016,0.502,0.05981895800005077
penalty_bit,45,30,75.0,5,6 10 17 33 40,554050847264,8000,3861,0.482625,0.06111640900007842
penalty_bit,46,30,75.0,5,6 10 17 33 40,554050847264,8000,4027,0.503375,0.06029878299978009
penalty_bit,47,30,75.0,5,6 10 17 33 40,554050847264,8000,4064,0.508,0.060995906999778526
penalty_bit,48,27,67.5,5,4 10 14 25 28,151003656,8000,3910,0.48875,0.06159833700030504
penalty_bit,49,30,75.0,5,6 10 17 33 40,554050847264,8000,3953,0.494125,0.06184991700001774
penalty_bit,50,30,75.0,5,6 10 17 33 40,554050847264,8000,3894,0.48675,0.06154574700030935
penalty_bit,51,30,75.0,5,6 10 17 33 40,554050847264,8000,3867,0.483375,0.06181367199997112
penalty_bit,52,30,75.0,5,6 10 17 33 40,554050847264,8000,3933,0.491625,0.0607218219997776
penalty_bit,53,30,75.0,5,6 10 17 33 40,554050847264,8000,3811,0.476375,0.0637362860002213
penalty_bit,54,30,75.0,5,6 10 17 33 40,554050847264,8000,3900,0.4875,0.06348460599974715
penalty_bit,55,28,70.0,5,13 17 20 29 33,4563996672,8000,3865,0.483125,0.0627018440000029
penalty_bit,56,30,75.0,5,6 10 17 33 40,554050847264,8000,3917,0.489625,0.062462112000048364
penalty_bit,57,30,75.0,5,6 10 17 33 40,554050847264,8000,4017,0.502125,0.06104651299983743
penalty_bit,58,28,70.0,5,8 14 21 28 33,4430241920,8000,3891,0.486375,0.06167506199972195
penalty_bit,59,30,75.0,5,6 10 17 33 40,554050847264,8000,3982,0.49775,0.060958449999816366
penalty_bit,60,30,75.0,5,6 10 17 33 40,554050847264,8000,3885,0.485625,0.06239754400030506
penalty_bit,61,30,75.0,5,6 10 17 33 40,554050847264,8000,3974,0.49675,0.06342258299991954
repair_bit,42,30,75.0,5,6 10 17 33 40,554050847264,8000,8000,1.0,0.10247426400019322
repair_bit,43,30,75.0,5,6 10 17 33 40,554050847264,8000,8000,1.0,0.10277576499993302
repair_bit,44,30,75.0,5,6 10 17 33 40,554050847264,8000,8000,1.0,0.11139173299989125
repair_bit,45,30,75.0,5,6 10 17 33 40,554050847264,8000,8000,1.0,0.09511890099975062
repair_bit,46,30,75.0,5,6 10 17 33 40,554050847264,8000,8000,1.0,0.09539212400022734
repair_bit,47,30,75.0,5,6 10 17 33 40,554050847264,8000,8000,1.0,0.09413311299977067
repair_bit,48,30,75.0,5,6 10 17 33 40,554050847264,8000,8000,1.0,0.09432442099978289
repair_bit,49,30,75.0,5,6 10 17 33 40,554050847264,8000,8000,1.0,0.09478201199999603
repair_bit,50,30,75.0,5,6 10 17 33 40,554050847264,8000,8000,1.0,0.09384862200022326
repair_bit,51,30,75.0,5,6 10 17 33 40,554050847264,8000,8000,1.0,0.09561426999971445
repair_bit,52,30,75.0,5,6 10 17 33 40,554050847264,8000,8000,1.0,0.09354099800020776
repair_bit,53,30,75.0,5,6 10 17 33 40,554050847264,8000,8000,1.0,0.09483818700027769
repair_bit,54,30,75.0,5,6 10 17 33 40,554050847264,8000,8000,1.0,0.09526971000013873
repair_bit,55,30,75.0,5,6 10 17 33 40,554050847264,8000,8000,1.0,0.09353040199994211
repair_bit,56,30,75.0,5,6 10 17 33 40,554050847264,8000,8000,1.0,0.0933549469996251
repair_bit,57,30,75.0,5,6 10 17 33 40,554050847264,8000,8000,1.0,0.0950321910004277
repair_bit,58,30,75.0,5,6 10 17 33 40,554050847264,8000,8000,1.0,0.09380816100019729
repair_bit,59,30,75.0,5,6 10 17 33 40,554050847264,8000,8000,1.0,0.09412809400009792
repair_bit,60,30,75.0,5,6 10 17 33 40,554050847264,8000,8000,1.0,0.09339144199975635
repair_bit,61,30,75.0,5,6 10 17 33 40,554050847264,8000,8000,1.0,0.09385588299983283
repair_swap,42,30,75.0,5,6 10 17 33 40,554050847264,8000,8000,1.0,0.1159986879997632
repair_swap,43,30,75.0,5,6 10 17 33 40,554050847264,8000,8000,1.0,0.11334138299980623
repair_swap,44,30,75.0,5,6 10 17 33 40,554050847264,8000,8000,1.0,0.11373795299959966
repair_swap,45,30,75.0,5,6 10 17 33 40,554050847264,8000,8000,1.0,0.11264082499974393
repair_swap,46,30,75.0,5,6 10 17 33 40,554050847264,8000,8000,1.0,0.11402389499971832
repair_swap,47,30,75.0,5,6 10 17 33 40,554050847264,8000,8000,1.0,0.11218657800009169
repair_swap,48,30,75.0,5,6 10 17 33 40,554050847264,8000,8000,1.0,0.11323281999966639
repair_swap,49,30,75.0,5,6 10 17 33 40,554050847264,8000,8000,1.0,0.11335309000014604
repair_swap,50,30,75.0,5,6 10 17 33 40,554050847264,8000,8000,1.0,0.11203172499972425
repair_swap,51,30,75.0,5,6 10 17 33 40,554050847264,8000,8000,1.0,0.11564109800019651
repair_swap,52,30,75.0,5,6 10 17 33 40,554050847264,8000,8000,1.0,0.12471567800002958
repair_swap,53,30,75.0,5,6 10 17 33 40,554050847264,8000,8000,1.0,0.11302568600012819
repair_swap,54,30,75.0,5,6 10 17 33 40,554050847264,8000,8000,1.0,0.11404133100040781
repair_swap,55,30,75.0,5,6 10 17 33 40,554050847264,8000,8000,1.0,0.11446225600002435
repair_swap,56,30,75.0,5,6 10 17 33 40,554050847264,8000,8000,1.0,0.11308653800006141
repair_swap,57,30,75.0,5,6 10 17 33 40,554050847264,8000,8000,1.0,0.11458886799982793
repair_swap,58,30,75.0,5,6 10 17 33 40,554050847264,8000,8000,1.0,0.11310928200009585
repair_swap,59,30,75.0,5,6 10 17 33 40,554050847264,8000,8000,1.0,0.11148328499984927
repair_swap,60,30,75.0,5,6 10 17 33 40,554050847264,8000,8000,1.0,0.11017264600013732
repair_swap,61,30,75.0,5,6 10 17 33 40,554050847264,8000,8000,1.0,0.11105777300008413
random_feasible,42,28,70.0,5,6 10 27 33 40,554117890592,8000,8000,1.0,0.028362332000142487
random_feasible,43,27,67.5,5,10 14 17 28 33,4429259264,8000,8000,1.0,0.027736845999697834
random_feasible,44,27,67.5,5,10 13 17 27 30,604049920,8000,8000,1.0,0.028092733999983466
random_feasible,45,28,70.0,5,4 10 13 17 40,549755884040,8000,8000,1.0,0.027960083999914787
random_feasible,46,28,70.0,5,10 23 28 33 40,554189193728,8000,8000,1.0,0.027922165999825665
random_feasible,47,28,70.0,5,8 14 21 28 33,4430241920,8000,8000,1.0,0.028832723000050464
random_feasible,48,27,67.5,5,10 16 20 33 40,554051338752,8000,8000,1.0,0.028409332999672188
random_feasible,49,28,70.0,5,6 10 28 33 40,554184999456,8000,8000,1.0,0.027914685000268946
random_feasible,50,29,72.5,5,6 10 18 33 40,554050912800,8000,8000,1.0,0.02814438199993674
random_feasible,51,28,70.0,5,10 17 18 33 40,554050978304,8000,8000,1.0,0.02872791399977359
random_feasible,52,27,67.5,5,10 13 17 33 36,38654775808,8000,8000,1.0,0.028217883000252186
random_feasible,53,28,70.0,5,6 10 16 33 40,554050814496,8000,8000,1.0,0.028471766999700776
random_feasible,54,28,70.0,5,10 17 33 35 40,571230716416,8000,8000,1.0,0.02857914800006256
random_feasible,55,28,70.0,5,4 10 23 34 40,558349943304,8000,8000,1.0,0.028262209999866172
random_feasible,56,28,70.0,5,10 17 27 30 34,9193980416,8000,8000,1.0,0.02809159299977182
random_feasible,57,28,70.0,5,10 17 22 33 40,554052944384,8000,8000,1.0,0.029263879000154702
random_feasible,58,29,72.5,5,10 13 17 33 40,554050851328,8000,8000,1.0,0.02893807200007359
random_feasible,59,27,67.5,5,4 10 13 17 20,594440,8000,8000,1.0,0.02915353700018386
random_feasible,60,27,67.5,5,6 10 16 34 40,558345781792,8000,8000,1.0,0.029307320000043546
random_feasible,61,27,67.5,5,6 10 14 18 33,4295107104,8000,8000,1.0,0.028416814000138402
